arm,period,asset,name,holding_days,additive_log_excess_vs_B0
S0_static_current,IS,159819.SZ,人工智能ETF,5,-0.06968204903779926
S0_static_current,IS,159915.SZ,创业板ETF,220,0.01739227493105263
S0_static_current,IS,510210.SH,上证综指ETF,104,-0.16383704015679265
S0_static_current,IS,510300.SH,沪深300ETF,150,0.022032576008214087
S0_static_current,IS,510500.SH,中证500ETF,139,0.05251818087289396
S0_static_current,IS,512100.SH,中证1000ETF,42,0.02773760138733558
S0_static_current,IS,512400.SH,有色金属ETF,68,0.02556504024737164
S0_static_current,IS,512660.SH,军工ETF,115,-0.012266612648370421
S0_static_current,IS,512690.SH,酒ETF,118,0.006591553602099106
S0_static_current,IS,512880.SH,证券ETF,82,-0.2747016964988958
S0_static_current,IS,513050.SH,中概互联网ETF,80,-0.20335290986937227
S0_static_current,IS,513100.SH,纳指ETF,338,0.04250623846028577
S0_static_current,IS,513180.SH,恒生科技ETF,16,0.08182693758068021
S0_static_current,IS,513500.SH,标普500ETF,269,-0.3140150623872183
S0_static_current,IS,515220.SH,煤炭ETF,87,-0.2938008640089641
S0_static_current,IS,515790.SH,光伏ETF,28,-0.032699189529195344
S0_static_current,IS,515880.SH,通信ETF,14,0.0031247171620934905
S0_static_current,IS,518880.SH,黄金ETF,304,-0.14646892637758505
S0_static_current,IS,588000.SH,科创50ETF,13,-0.0299791299795871
S0_static_current,OOS,159326.SZ,电网设备ETF,12,0.01663042786972233
S0_static_current,OOS,159611.SZ,电力ETF,26,0.022564665959224052
S0_static_current,OOS,159819.SZ,人工智能ETF,15,-0.04182437384105514
S0_static_current,OOS,159870.SZ,化工ETF,7,-0.011282456363307535
S0_static_current,OOS,159915.SZ,创业板ETF,5,0.08869560419595376
S0_static_current,OOS,512100.SH,中证1000ETF,10,0.0004791115322476773
S0_static_current,OOS,512400.SH,有色金属ETF,37,0.030803638110836667
S0_static_current,OOS,512660.SH,军工ETF,22,0.061834268145050865
S0_static_current,OOS,512690.SH,酒ETF,13,-0.07652597023028461
S0_static_current,OOS,512880.SH,证券ETF,32,0.11652861561038855
S0_static_current,OOS,513050.SH,中概互联网ETF,50,0.024403849328696922
S0_static_current,OOS,513100.SH,纳指ETF,83,-0.025534036089345683
S0_static_current,OOS,513120.SH,港股创新药ETF,75,-0.3824016465943365
S0_static_current,OOS,513180.SH,恒生科技ETF,10,-0.004326159801195304
S0_static_current,OOS,513500.SH,标普500ETF,66,-0.028159104154287025
S0_static_current,OOS,515220.SH,煤炭ETF,63,-0.12810170798686105
S0_static_current,OOS,515790.SH,光伏ETF,20,-0.13112654592404505
S0_static_current,OOS,515880.SH,通信ETF,110,0.23778342802225924
S0_static_current,OOS,518880.SH,黄金ETF,118,-0.020350575076606776
S0_static_current,OOS,562500.SH,机器人ETF,36,-0.2265521613184142
S0_static_current,OOS,588000.SH,科创50ETF,5,0.08106485735807745
S0_static_current,OOS,588200.SH,科创芯片ETF,61,0.08856308730330864
D0_size_only,IS,159915.SZ,创业板ETF,345,0.04046169912668101
D0_size_only,IS,510300.SH,沪深300ETF,265,0.022189709416089342
D0_size_only,IS,510500.SH,中证500ETF,171,0.14045342786745824
D0_size_only,IS,512400.SH,有色金属ETF,23,-0.13614832725330023
D0_size_only,IS,512660.SH,军工ETF,76,-0.1481625884075824
D0_size_only,IS,512690.SH,酒ETF,54,-0.05248030423724028
D0_size_only,IS,512880.SH,证券ETF,92,-0.11620983975021076
D0_size_only,IS,513050.SH,中概互联网ETF,43,-0.1131073087452775
D0_size_only,IS,513100.SH,纳指ETF,586,0.04588023578851936
D0_size_only,IS,513180.SH,恒生科技ETF,16,0.08182693758068021
D0_size_only,IS,513500.SH,标普500ETF,31,0.03577309790086758
D0_size_only,IS,515790.SH,光伏ETF,38,-0.11378788430013095
D0_size_only,IS,518880.SH,黄金ETF,439,0.09611004686457333
D0_size_only,IS,588000.SH,科创50ETF,13,-0.04060677645105018
D0_size_only,OOS,159326.SZ,电网设备ETF,11,-0.10991137020100275
D0_size_only,OOS,159819.SZ,人工智能ETF,17,0.04334039412960344
D0_size_only,OOS,159870.SZ,化工ETF,7,-0.011282456363307535
D0_size_only,OOS,159915.SZ,创业板ETF,15,0.09164342744327783
D0_size_only,OOS,510210.SH,上证综指ETF,5,0.004593561723522721
D0_size_only,OOS,512100.SH,中证1000ETF,30,-0.03438008830377469
D0_size_only,OOS,512400.SH,有色金属ETF,27,-0.002187152636185387
D0_size_only,OOS,512660.SH,军工ETF,27,0.031085804344030417
D0_size_only,OOS,512690.SH,酒ETF,24,-0.04739397700780146
D0_size_only,OOS,512880.SH,证券ETF,46,-0.00445252970166194
D0_size_only,OOS,513050.SH,中概互联网ETF,54,0.09657632496509169
D0_size_only,OOS,513100.SH,纳指ETF,117,0.0064477929275525165
D0_size_only,OOS,513120.SH,港股创新药ETF,63,-0.3637325914872583
D0_size_only,OOS,513180.SH,恒生科技ETF,10,-0.05541830188538734
D0_size_only,OOS,513500.SH,标普500ETF,100,0.04611114008965755
D0_size_only,OOS,515220.SH,煤炭ETF,21,-0.00791492395634661
D0_size_only,OOS,515790.SH,光伏ETF,27,-0.19148034956055493
D0_size_only,OOS,515880.SH,通信ETF,37,0.06316663921671696
D0_size_only,OOS,518880.SH,黄金ETF,152,-0.004965625212996781
D0_size_only,OOS,562500.SH,机器人ETF,10,-0.1859581965406678
D0_size_only,OOS,588000.SH,科创50ETF,15,0.05753295188699097
D0_size_only,OOS,588200.SH,科创芯片ETF,61,0.11696596036392778
D1_positive_top5,IS,159915.SZ,创业板ETF,398,0.04807295366852263
D1_positive_top5,IS,510300.SH,沪深300ETF,293,0.009654927914801771
D1_positive_top5,IS,510500.SH,中证500ETF,128,0.29190362267807624
D1_positive_top5,IS,512400.SH,有色金属ETF,23,-0.13614832725330023
D1_positive_top5,IS,512660.SH,军工ETF,83,-0.27766016286971423
D1_positive_top5,IS,512690.SH,酒ETF,31,0.006714903811308389
D1_positive_top5,IS,512880.SH,证券ETF,65,0.05704872410317176
D1_positive_top5,IS,513050.SH,中概互联网ETF,18,0.04099823303297717
D1_positive_top5,IS,513100.SH,纳指ETF,608,0.038063713063938506
D1_positive_top5,IS,513180.SH,恒生科技ETF,5,0.035149743464987566
D1_positive_top5,IS,513500.SH,标普500ETF,15,-0.1074972286446016
D1_positive_top5,IS,515790.SH,光伏ETF,23,-0.1357005840605805
D1_positive_top5,IS,518880.SH,黄金ETF,497,0.03932792822238079
D1_positive_top5,IS,588000.SH,科创50ETF,5,-0.06473926767888787
D1_positive_top5,OOS,159326.SZ,电网设备ETF,14,0.08171157488371034
D1_positive_top5,OOS,159819.SZ,人工智能ETF,12,0.027788195503818072
D1_positive_top5,OOS,159870.SZ,化工ETF,6,-0.029164689355707686
D1_positive_top5,OOS,159915.SZ,创业板ETF,30,-0.024559050718786286
D1_positive_top5,OOS,510300.SH,沪深300ETF,5,0.006232296394256636
D1_positive_top5,OOS,510500.SH,中证500ETF,10,-0.08753098740895726
D1_positive_top5,OOS,512100.SH,中证1000ETF,15,-0.009873896586731375
D1_positive_top5,OOS,512400.SH,有色金属ETF,26,-0.048581008889240954
D1_positive_top5,OOS,512660.SH,军工ETF,17,0.09362233933277402
D1_positive_top5,OOS,512690.SH,酒ETF,12,-0.0351950140998212
D1_positive_top5,OOS,512880.SH,证券ETF,44,0.004397207855528132
D1_positive_top5,OOS,513050.SH,中概互联网ETF,43,0.13016580032570005
D1_positive_top5,OOS,513100.SH,纳指ETF,148,0.013044211275605178
D1_positive_top5,OOS,513120.SH,港股创新药ETF,59,-0.6022592078644509
D1_positive_top5,OOS,513180.SH,恒生科技ETF,10,0.021409301748455605
D1_positive_top5,OOS,513500.SH,标普500ETF,87,0.100541714162501
D1_positive_top5,OOS,515220.SH,煤炭ETF,18,0.025993862483695077
D1_positive_top5,OOS,515790.SH,光伏ETF,21,-0.1282378408450971
D1_positive_top5,OOS,515880.SH,通信ETF,40,0.19132807409071959
D1_positive_top5,OOS,518880.SH,黄金ETF,173,0.08832092922500506
D1_positive_top5,OOS,562500.SH,机器人ETF,5,-0.03983007165401949
D1_positive_top5,OOS,588000.SH,科创50ETF,20,0.01823463605391997
D1_positive_top5,OOS,588200.SH,科创芯片ETF,61,0.05063846565244667
D2_median_core_top3,IS,159915.SZ,创业板ETF,417,-0.01445985192207306
D2_median_core_top3,IS,510300.SH,沪深300ETF,298,0.006283093235828346
D2_median_core_top3,IS,510500.SH,中证500ETF,109,0.3058985280590703
D2_median_core_top3,IS,512400.SH,有色金属ETF,23,-0.13614832725330023
D2_median_core_top3,IS,512660.SH,军工ETF,79,-0.31891472944918625
D2_median_core_top3,IS,512690.SH,酒ETF,33,-0.03567100276981668
D2_median_core_top3,IS,512880.SH,证券ETF,49,-0.07993009029914189
D2_median_core_top3,IS,513050.SH,中概互联网ETF,18,0.04099823303297717
D2_median_core_top3,IS,513100.SH,纳指ETF,614,0.05456695065618366
D2_median_core_top3,IS,513180.SH,恒生科技ETF,5,0.035149743464987566
D2_median_core_top3,IS,513500.SH,标普500ETF,15,-0.1074972286446016
D2_median_core_top3,IS,515790.SH,光伏ETF,23,-0.1357005840605805
D2_median_core_top3,IS,518880.SH,黄金ETF,504,0.025014357510114965
D2_median_core_top3,IS,588000.SH,科创50ETF,5,-0.06473926767888787
D2_median_core_top3,OOS,159326.SZ,电网设备ETF,17,0.07892172501378653
D2_median_core_top3,OOS,159819.SZ,人工智能ETF,12,0.027788195503818072
D2_median_core_top3,OOS,159870.SZ,化工ETF,5,0.01546093442418301
D2_median_core_top3,OOS,159915.SZ,创业板ETF,40,-0.02273319052824882
D2_median_core_top3,OOS,510300.SH,沪深300ETF,10,-0.011915126177024313
D2_median_core_top3,OOS,512400.SH,有色金属ETF,16,0.007116140586747317
D2_median_core_top3,OOS,512660.SH,军工ETF,15,-0.11133787341127721
D2_median_core_top3,OOS,512690.SH,酒ETF,12,-0.026505842740900724
D2_median_core_top3,OOS,512880.SH,证券ETF,27,0.0015691871781640526
D2_median_core_top3,OOS,513050.SH,中概互联网ETF,43,0.13016580032570005
D2_median_core_top3,OOS,513100.SH,纳指ETF,167,-0.04162991377447968
D2_median_core_top3,OOS,513120.SH,港股创新药ETF,59,-0.5710209752221047
D2_median_core_top3,OOS,513180.SH,恒生科技ETF,15,0.02422687913491414
D2_median_core_top3,OOS,513500.SH,标普500ETF,88,0.10062557458939436
D2_median_core_top3,OOS,515220.SH,煤炭ETF,16,0.057645454599283504
D2_median_core_top3,OOS,515790.SH,光伏ETF,20,-0.089920206395871
D2_median_core_top3,OOS,515880.SH,通信ETF,43,0.20478381971132725
D2_median_core_top3,OOS,518880.SH,黄金ETF,185,0.1174700146144325
D2_median_core_top3,OOS,562500.SH,机器人ETF,5,-0.03983007165401949
D2_median_core_top3,OOS,588000.SH,科创50ETF,20,0.01823463605391997
D2_median_core_top3,OOS,588200.SH,科创芯片ETF,61,-0.031685877191721064
D3_best_core_top2,IS,159915.SZ,创业板ETF,477,-0.027897732096556025
D3_best_core_top2,IS,510300.SH,沪深300ETF,362,0.011980353476807955
D3_best_core_top2,IS,510500.SH,中证500ETF,36,-0.0041672786960525
D3_best_core_top2,IS,512400.SH,有色金属ETF,23,-0.13614832725330023
D3_best_core_top2,IS,512660.SH,军工ETF,56,-0.23046972403904908
D3_best_core_top2,IS,512690.SH,酒ETF,35,-0.02885960180745914
D3_best_core_top2,IS,512880.SH,证券ETF,15,-0.027303300146826533
D3_best_core_top2,IS,513050.SH,中概互联网ETF,5,0.022991435162062302
D3_best_core_top2,IS,513100.SH,纳指ETF,652,-0.05135996350909703
D3_best_core_top2,IS,513180.SH,恒生科技ETF,11,-0.041835670297655836
D3_best_core_top2,IS,513500.SH,标普500ETF,5,-0.06788119573794138
D3_best_core_top2,IS,515790.SH,光伏ETF,10,-0.09440017857774528
D3_best_core_top2,IS,518880.SH,黄金ETF,505,-0.02175807276838433
D3_best_core_top2,OOS,159326.SZ,电网设备ETF,20,0.08709095558546218
D3_best_core_top2,OOS,159819.SZ,人工智能ETF,17,0.011172435307980807
D3_best_core_top2,OOS,159870.SZ,化工ETF,5,0.01513989437948245
D3_best_core_top2,OOS,159915.SZ,创业板ETF,52,-0.018508289559054952
D3_best_core_top2,OOS,510300.SH,沪深300ETF,16,0.006232296394256636
D3_best_core_top2,OOS,512400.SH,有色金属ETF,27,0.06213402456878822
D3_best_core_top2,OOS,512660.SH,军工ETF,5,-0.04768030726967008
D3_best_core_top2,OOS,512690.SH,酒ETF,5,0.003506707187638538
D3_best_core_top2,OOS,512880.SH,证券ETF,16,-0.10916157295191055
D3_best_core_top2,OOS,513050.SH,中概互联网ETF,39,0.04119491637851202
D3_best_core_top2,OOS,513100.SH,纳指ETF,238,-0.028426139217979842
D3_best_core_top2,OOS,513120.SH,港股创新药ETF,44,0.02031708058372559
D3_best_core_top2,OOS,513180.SH,恒生科技ETF,29,0.001098285233629438
D3_best_core_top2,OOS,513500.SH,标普500ETF,18,0.023332232933840152
D3_best_core_top2,OOS,515220.SH,煤炭ETF,8,0.04159167543773342
D3_best_core_top2,OOS,515790.SH,光伏ETF,10,-0.04280743450399899
D3_best_core_top2,OOS,515880.SH,通信ETF,32,0.10383964045034318
D3_best_core_top2,OOS,518880.SH,黄金ETF,224,0.044470931745163464
D3_best_core_top2,OOS,588000.SH,科创50ETF,19,0.033427601765180164
D3_best_core_top2,OOS,588200.SH,科创芯片ETF,52,-0.18132042153499117
