asset,entry_date,exit_date,next_entry_date,holding_days,pnl
518880.SH,2016-02-02,2016-03-14,2016-03-15,25,0.0941353675851686
513100.SH,2016-03-15,2016-03-24,2016-03-25,8,-0.012827142046835549
510300.SH,2016-03-25,2016-03-31,2016-04-01,5,0.012835582308660554
159915.SZ,2016-04-01,2016-04-19,2016-04-20,12,0.021576368022071746
513100.SH,2016-04-20,2016-04-26,2016-04-27,5,-0.01115281560771475
518880.SH,2016-04-27,2016-05-25,2016-05-26,20,-0.01208141733383361
513100.SH,2016-05-26,2016-06-06,2016-06-07,8,0.014201426875891654
159915.SZ,2016-06-07,2016-06-15,2016-06-16,5,-0.022538793269012758
513100.SH,2016-06-16,2016-06-23,2016-06-24,6,-0.00571703906368759
159915.SZ,2016-06-24,2016-06-30,2016-07-01,5,0.04806109199058639
518880.SH,2016-07-01,2016-07-11,2016-07-12,7,0.03850480325888439
159915.SZ,2016-07-12,2016-07-18,2016-07-19,5,0.006761733991597518
510300.SH,2016-07-19,2016-07-25,2016-07-26,5,-0.010473853942523648
513100.SH,2016-07-26,2016-08-17,2016-08-18,17,0.027809637572318247
510300.SH,2016-08-18,2016-09-08,2016-09-09,16,-0.00892365774931092
159915.SZ,2016-09-09,2016-09-19,2016-09-20,5,-0.02605450721302549
513100.SH,2016-09-20,2016-09-30,2016-10-10,9,-0.0023351018381639888
518880.SH,2016-10-10,2016-10-14,2016-10-17,5,0.0020620252536220907
513100.SH,2016-10-17,2016-10-21,2016-10-24,5,-0.0043931627734363765
510300.SH,2016-10-24,2016-11-07,2016-11-08,11,0.006576316499997015
518880.SH,2016-11-08,2016-11-14,2016-11-15,5,-0.032407619926065445
510300.SH,2016-11-15,2016-12-07,2016-12-08,17,0.023074536315686567
513100.SH,2016-12-08,2017-01-13,2017-01-16,26,0.03242237028978945
518880.SH,2017-01-16,2017-01-26,2017-02-03,9,-0.008867606161478858
513100.SH,2017-02-03,2017-03-22,2017-03-23,34,0.07526980137505768
518880.SH,2017-03-23,2017-03-29,2017-03-30,5,0.009205429413716937
513100.SH,2017-03-30,2017-04-07,2017-04-10,5,-0.02198402474452732
518880.SH,2017-04-10,2017-04-25,2017-04-26,12,0.003169115223574215
513100.SH,2017-04-26,2017-06-01,2017-06-02,24,0.03337438822100247
510300.SH,2017-06-02,2017-07-26,2017-07-27,39,0.08228898295974219
513100.SH,2017-07-27,2017-08-09,2017-08-10,10,-0.014185110123745237
518880.SH,2017-08-10,2017-08-16,2017-08-17,5,-0.004195669991876372
159915.SZ,2017-08-17,2017-09-12,2017-09-13,19,0.049179873275412955
510300.SH,2017-09-13,2017-09-19,2017-09-20,5,-0.00485502773356139
159915.SZ,2017-09-20,2017-09-26,2017-09-27,5,-0.02418640368938918
513100.SH,2017-09-27,2017-10-24,2017-10-25,15,0.041919513571654354
510300.SH,2017-10-25,2017-10-31,2017-11-01,5,0.011027268847335847
513100.SH,2017-11-01,2017-11-13,2017-11-14,9,0.008273985236455283
510300.SH,2017-11-14,2017-11-23,2017-11-24,8,-0.010435578244259558
513100.SH,2017-11-24,2017-12-29,2018-01-02,26,0.005509369247851392
510300.SH,2018-01-02,2018-01-08,2018-01-09,5,0.024059933641821685
518880.SH,2018-01-09,2018-01-15,2018-01-16,5,0.01771902226457378
510300.SH,2018-01-16,2018-01-30,2018-01-31,11,-0.001838944856811242
513100.SH,2018-01-31,2018-02-06,2018-02-07,5,-0.09306213268925112
518880.SH,2018-02-07,2018-02-13,2018-02-14,5,0.03926958202466624
159915.SZ,2018-02-14,2018-02-27,2018-02-28,5,0.057310690532692554
513100.SH,2018-02-28,2018-03-06,2018-03-07,5,-0.00038625301898420616
159915.SZ,2018-03-07,2018-04-10,2018-04-11,23,0.022702559216366325
518880.SH,2018-04-11,2018-04-24,2018-04-25,10,-0.003586220056379763
159915.SZ,2018-04-25,2018-05-03,2018-05-04,5,0.01779461651626435
513100.SH,2018-05-04,2018-05-18,2018-05-21,11,0.03628530403827179
510300.SH,2018-05-21,2018-05-25,2018-05-28,5,-0.028397741509058272
513100.SH,2018-05-28,2018-07-19,2018-07-20,38,0.1224552687756606
159915.SZ,2018-07-20,2018-07-26,2018-07-27,5,0.01151704476539539
513100.SH,2018-07-27,2018-09-03,2018-09-04,27,0.030749010083026773
510300.SH,2018-09-04,2018-09-10,2018-09-11,5,-0.02325187491055103
513100.SH,2018-09-11,2018-09-20,2018-09-21,8,0.0019654311319070583
518880.SH,2018-09-21,2018-09-28,2018-10-08,5,-0.0004925996954101564
510300.SH,2018-10-08,2018-10-12,2018-10-15,5,-0.048203132722483
518880.SH,2018-10-15,2018-11-08,2018-11-09,19,0.004977223838053879
159915.SZ,2018-11-09,2018-11-30,2018-12-03,16,0.005429900915574937
518880.SH,2018-12-03,2019-01-21,2019-01-22,34,0.05894958450352905
513100.SH,2019-01-22,2019-01-30,2019-01-31,7,-0.02340151660230938
510300.SH,2019-01-31,2019-02-15,2019-02-18,7,0.0706338536059774
159915.SZ,2019-02-18,2019-03-26,2019-03-27,27,0.1953783302316534
513100.SH,2019-03-27,2019-04-08,2019-04-09,8,0.03746452447703019
510300.SH,2019-04-09,2019-04-15,2019-04-16,5,-0.01715278540990517
513100.SH,2019-04-16,2019-04-22,2019-04-23,5,-0.0005239338152681627
510300.SH,2019-04-23,2019-04-29,2019-04-30,5,-0.023917360083886785
513100.SH,2019-04-30,2019-05-14,2019-05-15,8,-0.06914330207020614
518880.SH,2019-05-15,2019-07-01,2019-07-02,33,0.07067318507331066
510300.SH,2019-07-02,2019-07-09,2019-07-10,6,-0.027842242118939264
518880.SH,2019-07-10,2019-07-16,2019-07-17,5,0.01491155369064412
513100.SH,2019-07-17,2019-07-29,2019-07-30,9,0.008235422788523072
518880.SH,2019-07-30,2019-09-02,2019-09-03,25,0.1093745041391998
159915.SZ,2019-09-03,2019-09-26,2019-09-27,17,-0.015741500392719265
513100.SH,2019-09-27,2019-10-10,2019-10-11,5,-0.008352930408893733
159915.SZ,2019-10-11,2019-10-17,2019-10-18,5,-8.370018347747532e-05
513100.SH,2019-10-18,2019-11-05,2019-11-06,13,0.03297062714244192
159915.SZ,2019-11-06,2019-11-12,2019-11-13,5,-0.02697068330473129
513100.SH,2019-11-13,2019-12-10,2019-12-11,20,0.023278089278697234
159915.SZ,2019-12-11,2019-12-17,2019-12-18,5,0.04068261235796111
513100.SH,2019-12-18,2019-12-24,2019-12-25,5,0.005070179430501476
159915.SZ,2019-12-25,2020-01-03,2020-01-06,7,0.03841907932511246
513100.SH,2020-01-06,2020-01-13,2020-01-14,6,0.03565405621390538
159915.SZ,2020-01-14,2020-01-23,2020-02-03,8,0.006328321412514937
513100.SH,2020-02-03,2020-02-19,2020-02-20,13,0.037289795312291485
159915.SZ,2020-02-20,2020-02-26,2020-02-27,5,0.036103932250974635
518880.SH,2020-02-27,2020-03-04,2020-03-05,5,-0.010438292294171814
159915.SZ,2020-03-05,2020-03-11,2020-03-12,5,-0.04830173944779359
518880.SH,2020-03-12,2020-04-22,2020-04-23,29,0.00012044777028363818
159915.SZ,2020-04-23,2020-04-29,2020-04-30,5,0.007114294997095705
513100.SH,2020-04-30,2020-05-29,2020-06-01,19,-0.02159980063030187
518880.SH,2020-06-01,2020-06-05,2020-06-08,5,-0.00613957232686746
159915.SZ,2020-06-08,2020-07-06,2020-07-07,19,0.15273830175341163
510300.SH,2020-07-07,2020-07-13,2020-07-14,5,0.016791197494224752
159915.SZ,2020-07-14,2020-07-24,2020-07-27,9,-0.09494919374845001
518880.SH,2020-07-27,2020-08-12,2020-08-13,13,-0.039804148931640415
513100.SH,2020-08-13,2020-09-28,2020-09-29,33,0.12432412986933916
510300.SH,2020-09-29,2020-10-13,2020-10-14,5,0.06338685909878827
159915.SZ,2020-10-14,2020-10-23,2020-10-26,8,-0.06457004408053613
510300.SH,2020-10-26,2020-10-30,2020-11-02,5,-0.006559595213789793
159915.SZ,2020-11-02,2020-11-06,2020-11-09,5,0.026299904194702073
510300.SH,2020-11-09,2020-12-14,2020-12-15,26,0.009505870488257129
159915.SZ,2020-12-15,2020-12-28,2020-12-29,10,0.04233118073495645
518880.SH,2020-12-29,2021-01-05,2021-01-06,5,0.013000083874271207
159915.SZ,2021-01-06,2021-01-13,2021-01-14,6,0.010961374934589596
510300.SH,2021-01-14,2021-01-20,2021-01-21,5,-0.036526385203125566
159915.SZ,2021-01-21,2021-02-02,2021-02-03,9,0.007394178209692903
513100.SH,2021-02-03,2021-02-09,2021-02-10,5,0.0063337609928104666
159915.SZ,2021-02-10,2021-02-23,2021-02-24,5,-0.0681930548272357
513100.SH,2021-02-24,2021-03-03,2021-03-04,6,-0.00464693999577015
510300.SH,2021-03-04,2021-03-10,2021-03-11,5,-0.09774991236007358
513100.SH,2021-03-11,2021-03-18,2021-03-19,6,0.041171397502468565
518880.SH,2021-03-19,2021-03-26,2021-03-29,6,-0.0280746861465192
513100.SH,2021-03-29,2021-04-21,2021-04-22,17,0.06389016940724002
159915.SZ,2021-04-22,2021-05-07,2021-05-10,9,0.0025121806584671447
518880.SH,2021-05-10,2021-05-14,2021-05-17,5,0.004183608957996299
159915.SZ,2021-05-17,2021-05-21,2021-05-24,5,0.03403859625747985
518880.SH,2021-05-24,2021-05-28,2021-05-31,5,-0.010241091936550317
159915.SZ,2021-05-31,2021-06-15,2021-06-16,11,0.01733907697441106
513100.SH,2021-06-16,2021-07-21,2021-07-22,26,0.061265372030582466
159915.SZ,2021-07-22,2021-07-28,2021-07-29,5,-0.0740162656582215
518880.SH,2021-07-29,2021-08-04,2021-08-05,5,0.0170979158913398
159915.SZ,2021-08-05,2021-08-11,2021-08-12,5,-0.0333340946965317
513100.SH,2021-08-12,2021-08-24,2021-08-25,9,0.023980264959267084
510300.SH,2021-08-25,2021-08-31,2021-09-01,5,-0.01770936432347303
513100.SH,2021-09-01,2021-09-07,2021-09-08,5,0.0003898022644337473
518880.SH,2021-09-08,2021-09-14,2021-09-15,5,-0.004518997836877925
510300.SH,2021-09-15,2021-10-11,2021-10-12,12,0.007755342932291853
159915.SZ,2021-10-12,2021-11-02,2021-11-03,16,0.04373155867177303
513100.SH,2021-11-03,2021-11-25,2021-11-26,17,0.024981352880642405
159915.SZ,2021-11-26,2021-12-06,2021-12-07,7,-0.026047635965315008
510300.SH,2021-12-07,2021-12-29,2021-12-30,17,-0.001176226324804186
518880.SH,2021-12-30,2022-03-22,2022-03-23,53,0.06833173768797018
513100.SH,2022-03-23,2022-04-15,2022-04-18,16,-0.05669771570143112
518880.SH,2022-04-18,2022-05-18,2022-05-19,20,-0.03972675868029074
159915.SZ,2022-05-19,2022-05-30,2022-05-31,8,0.013325095081618166
510300.SH,2022-05-31,2022-06-07,2022-06-08,5,0.03880166239068905
159915.SZ,2022-06-08,2022-07-15,2022-07-18,28,0.08251521141548945
513100.SH,2022-07-18,2022-08-24,2022-08-25,28,0.07853389451003356
518880.SH,2022-08-25,2022-08-31,2022-09-01,5,-0.0066394304102629365
510300.SH,2022-09-01,2022-09-07,2022-09-08,5,-0.008437217887346415
518880.SH,2022-09-08,2022-11-03,2022-11-04,35,0.00579368060896801
159915.SZ,2022-11-04,2022-11-10,2022-11-11,5,-0.008427830931458824
518880.SH,2022-11-11,2022-11-25,2022-11-28,11,0.04400311640455801
510300.SH,2022-11-28,2022-12-02,2022-12-05,5,0.04642604427611374
518880.SH,2022-12-05,2022-12-09,2022-12-12,5,-0.000978880738200738
510300.SH,2022-12-12,2022-12-21,2022-12-22,8,-0.035563738758464636
518880.SH,2022-12-22,2023-01-12,2023-01-13,15,0.013779634209845293
159915.SZ,2023-01-13,2023-02-06,2023-02-07,12,0.030697079653066783
513100.SH,2023-02-07,2023-03-02,2023-03-03,18,-0.02898045514563341
510300.SH,2023-03-03,2023-03-09,2023-03-10,5,-0.018743800983535563
518880.SH,2023-03-10,2023-03-30,2023-03-31,15,0.03957842483055796
513100.SH,2023-03-31,2023-04-07,2023-04-10,5,0.005294556763454583
518880.SH,2023-04-10,2023-04-14,2023-04-17,5,0.01490907891237958
159915.SZ,2023-04-17,2023-04-21,2023-04-24,5,-0.05153399285134541
513100.SH,2023-04-24,2023-05-04,2023-05-05,6,0.00991941373133387
518880.SH,2023-05-05,2023-05-11,2023-05-12,5,-0.00843262594494587
513100.SH,2023-05-12,2023-07-21,2023-07-24,49,0.18709627213853075
518880.SH,2023-07-24,2023-07-28,2023-07-31,5,-0.014044810694172405
510300.SH,2023-07-31,2023-08-11,2023-08-14,10,-0.03590376766141434
518880.SH,2023-08-14,2023-08-18,2023-08-21,5,-0.0066997634645985515
510300.SH,2023-08-21,2023-08-25,2023-08-28,5,-0.015329026499637188
518880.SH,2023-08-28,2023-09-15,2023-09-18,15,0.0860578586624603
513100.SH,2023-09-18,2023-09-22,2023-09-25,5,-0.029304908027305343
518880.SH,2023-09-25,2023-10-10,2023-10-11,6,-0.04825679899644175
513100.SH,2023-10-11,2023-10-18,2023-10-19,6,-0.0010730846099344937
518880.SH,2023-10-19,2023-11-13,2023-11-14,18,-0.011572672100288228
513100.SH,2023-11-14,2023-11-20,2023-11-21,5,0.00684172476735001
159915.SZ,2023-11-21,2023-11-27,2023-11-28,5,-0.024841793625575037
513100.SH,2023-11-28,2023-12-07,2023-12-08,8,-0.013578419290821708
518880.SH,2023-12-08,2023-12-14,2023-12-15,5,0.016488167217194816
513100.SH,2023-12-15,2024-01-10,2024-01-11,18,0.011445663645442083
518880.SH,2024-01-11,2024-01-19,2024-01-22,7,0.012123395234760359
513100.SH,2024-01-22,2024-02-26,2024-02-27,20,0.03119447703023126
510300.SH,2024-02-27,2024-03-04,2024-03-05,5,0.026580646565626642
159915.SZ,2024-03-05,2024-03-21,2024-03-22,13,0.03859512983371305
518880.SH,2024-03-22,2024-05-06,2024-05-07,27,0.06097741772710141
510300.SH,2024-05-07,2024-05-20,2024-05-21,10,0.015114548859833876
513100.SH,2024-05-21,2024-07-12,2024-07-15,38,0.0913380281143441
518880.SH,2024-07-15,2024-07-19,2024-07-22,5,0.003518300257471463
510300.SH,2024-07-22,2024-07-26,2024-07-29,5,-0.03349617031687491
518880.SH,2024-07-29,2024-08-30,2024-09-02,25,0.02215678799719467
513100.SH,2024-09-02,2024-09-06,2024-09-09,5,-0.043035851605981446
518880.SH,2024-09-09,2024-09-25,2024-09-26,11,0.028737617752725653
159915.SZ,2024-09-26,2024-11-01,2024-11-04,22,0.3035316679884277
518880.SH,2024-11-04,2024-11-08,2024-11-11,5,-0.020407749973215816
159915.SZ,2024-11-11,2024-11-15,2024-11-18,5,-0.020133850771761663
513100.SH,2024-11-18,2024-12-12,2024-12-13,19,0.08478336151062371
518880.SH,2024-12-13,2024-12-19,2024-12-20,5,-0.022576362664889826
513100.SH,2024-12-20,2025-01-10,2025-01-13,15,0.004600927196342308
518880.SH,2025-01-13,2025-02-17,2025-02-18,20,0.052412047334562395
159915.SZ,2025-02-18,2025-02-25,2025-02-26,6,0.009450262304724788
518880.SH,2025-02-26,2025-03-05,2025-03-06,6,-0.001578496122846329
159915.SZ,2025-03-06,2025-03-12,2025-03-13,5,-0.008790112956048368
510300.SH,2025-03-13,2025-03-19,2025-03-20,5,0.019492580758338596
518880.SH,2025-03-20,2025-05-08,2025-05-09,32,0.10784247998976393
159915.SZ,2025-05-09,2025-05-15,2025-05-16,5,-0.00152451108137297
513100.SH,2025-05-16,2025-06-12,2025-06-13,19,0.0032036574913110183
518880.SH,2025-06-13,2025-06-19,2025-06-20,5,-0.031877858232109646
513100.SH,2025-06-20,2025-06-26,2025-06-27,5,0.02732927427130205
159915.SZ,2025-06-27,2025-07-04,2025-07-07,6,0.021213939839886065
513100.SH,2025-07-07,2025-07-11,2025-07-14,5,-0.0034815181271157236
159915.SZ,2025-07-14,2025-09-22,2025-09-23,51,0.4074181114534643
518880.SH,2025-09-23,2025-09-29,2025-09-30,5,0.02717338014896109
513100.SH,2025-09-30,2025-10-14,2025-10-15,5,0.012144984654963054
518880.SH,2025-10-15,2025-10-27,2025-10-28,9,-0.01823811189763258
513100.SH,2025-10-28,2025-11-17,2025-11-18,15,-0.04754061289207101
159915.SZ,2025-11-18,2025-11-24,2025-11-25,5,-0.06654862463862765
518880.SH,2025-11-25,2025-12-09,2025-12-10,11,0.020907248496968567
159915.SZ,2025-12-10,2025-12-16,2025-12-17,5,-0.032216083478991075
518880.SH,2025-12-17,2025-12-30,2025-12-31,10,0.007427924052184842
159915.SZ,2025-12-31,2026-01-08,2026-01-09,5,0.01700596602327553
518880.SH,2026-01-09,2026-01-15,2026-01-16,5,0.027976070674886167
159915.SZ,2026-01-16,2026-01-22,2026-01-23,5,-0.021598352266301357
518880.SH,2026-01-23,2026-03-05,2026-03-06,24,0.034560061028751754
510300.SH,2026-03-06,2026-03-12,2026-03-13,5,-0.0005582033181827928
518880.SH,2026-03-13,2026-03-19,2026-03-20,5,-0.07146087890446562
159915.SZ,2026-03-20,2026-04-07,2026-04-08,12,-0.07700207724552655
513100.SH,2026-04-08,2026-04-14,2026-04-15,5,0.04906096741265342
159915.SZ,2026-04-15,2026-04-24,2026-04-27,8,0.04086278824039247
513100.SH,2026-04-27,2026-05-07,2026-05-08,6,0.06577551827367611
159915.SZ,2026-05-08,2026-05-14,2026-05-15,5,0.036621516042770086
513100.SH,2026-05-15,2026-05-21,,5,-0.002098719506406943
