date,reason,asset,side,shares,notional
2013-05-03,rebalance,511880.SH,buy,900,90189.0
2013-06-04,rebalance,511880.SH,buy,200,20090.0
2013-07-02,rebalance,511880.SH,buy,200,20145.2
2013-08-02,rebalance,511880.SH,buy,200,20252.0
2013-09-03,rebalance,511880.SH,buy,200,20326.4
2013-10-09,rebalance,511880.SH,buy,200,20412.0
2013-11-04,rebalance,511880.SH,buy,200,20478.0
2013-12-03,rebalance,511880.SH,buy,200,20555.8
2014-01-03,rebalance,511880.SH,buy,200,20650.6
2014-02-10,rebalance,511880.SH,buy,200,20784.480000000003
2014-03-04,rebalance,511880.SH,buy,200,20842.4784
2014-04-02,rebalance,511880.SH,buy,200,20908.32
2014-05-06,rebalance,511880.SH,buy,200,20987.5776
2014-06-04,rebalance,511880.SH,buy,200,21055.0704
2014-07-02,rebalance,511880.SH,buy,200,21133.296000000002
2014-08-04,rebalance,511880.SH,buy,100,10606.689600000002
2014-09-02,rebalance,511880.SH,buy,200,21276.5376
2014-10-09,rebalance,511880.SH,buy,200,21394.598400000003
2014-11-04,rebalance,511880.SH,buy,200,21421.224000000002
2014-12-02,rebalance,511880.SH,buy,200,21482.112
2015-01-06,rebalance,511880.SH,buy,200,21554.095499999996
2015-02-03,rebalance,511880.SH,buy,200,21613.0329
2015-03-03,rebalance,511880.SH,buy,100,10845.987299999999
2015-04-02,rebalance,511880.SH,buy,200,21769.195499999998
2015-05-05,rebalance,511880.SH,buy,200,21832.649999999998
2015-06-02,rebalance,511880.SH,buy,200,21888.576
2015-07-02,rebalance,511880.SH,buy,200,21956.7627
2015-08-04,rebalance,511880.SH,buy,200,22027.315499999997
2015-09-02,rebalance,511880.SH,buy,100,11034.09225
2015-10-09,rebalance,511880.SH,buy,200,22112.28
2015-11-03,rebalance,511880.SH,buy,200,22155.9453
2015-12-02,rebalance,511880.SH,buy,200,22201.3314
2016-01-05,rebalance,511880.SH,buy,200,22248.225999999995
2016-02-02,rebalance,511880.SH,buy,100,11154.45149
2016-03-02,rebalance,511880.SH,buy,200,22349.13204
2016-04-05,rebalance,511880.SH,buy,200,22399.3628
2016-05-04,rebalance,511880.SH,buy,200,22444.70384
2016-06-02,rebalance,511880.SH,buy,200,22484.04386
2016-07-04,rebalance,511880.SH,buy,100,11267.69296
2016-08-02,rebalance,511880.SH,buy,200,22584.283119999996
2016-09-02,rebalance,511880.SH,buy,200,22632.958059999997
2016-10-11,rebalance,511880.SH,buy,200,22687.1895
2016-11-02,rebalance,511880.SH,buy,100,11360.70877
2016-12-02,rebalance,511880.SH,buy,200,22765.425020000002
2017-01-04,rebalance,511880.SH,buy,200,22819.399100000002
2017-02-06,rebalance,511880.SH,buy,200,22871.816099999996
2017-03-02,rebalance,511880.SH,buy,100,11458.5841
2017-04-06,rebalance,511880.SH,buy,200,22989.4125
2017-05-03,rebalance,511880.SH,buy,200,23053.452400000002
2017-06-02,rebalance,511880.SH,buy,200,23122.9619
2017-07-04,rebalance,511880.SH,buy,100,11598.9705
2017-08-02,rebalance,511880.SH,buy,200,23264.032
2017-09-04,rebalance,511880.SH,sell,4000,466880.49799999996
2017-09-04,rebalance,511260.SH,buy,4900,489348.30000000005
2017-10-10,rebalance,511880.SH,sell,1200,140581.02659999998
2017-10-10,rebalance,511260.SH,buy,1600,160212.8
2017-12-04,rebalance,511260.SH,buy,300,29399.699999999997
2018-01-03,rebalance,511880.SH,buy,100,11826.606
2018-02-02,rebalance,511260.SH,buy,200,19595.6
2018-02-02,rebalance,511880.SH,buy,100,11868.86074
2018-03-02,rebalance,511260.SH,sell,3800,376428.0
2018-03-02,rebalance,511880.SH,buy,3400,404713.0669999999
2018-04-03,rebalance,511880.SH,buy,100,11942.98358
2018-05-03,rebalance,511880.SH,buy,100,11985.238319999999
2018-06-04,rebalance,511880.SH,buy,200,24034.921019999994
2018-06-04,rebalance,511260.SH,buy,100,10154.2
2018-07-03,rebalance,511880.SH,buy,100,12056.882529999999
2018-08-02,rebalance,511880.SH,buy,100,12092.055469999998
2018-08-02,rebalance,511260.SH,buy,100,10270.8
2018-09-04,rebalance,511880.SH,sell,3400,412305.70084
2018-09-04,rebalance,511260.SH,buy,4200,428820.0
2018-10-09,rebalance,511260.SH,buy,200,20421.600000000002
2018-11-02,rebalance,511260.SH,sell,4300,444921.0
2018-11-02,rebalance,511880.SH,buy,3800,462166.76615999994
2018-12-04,rebalance,511880.SH,buy,200,24407.4237
2019-01-03,rebalance,511880.SH,buy,100,12232.61376
2019-02-11,rebalance,511880.SH,sell,5300,650367.99048
2019-02-11,rebalance,512890.SH,buy,657200,674287.2000000001
2019-02-11,rebalance,511260.SH,buy,100,10645.6
2019-03-04,rebalance,511880.SH,sell,1300,159808.4904
2019-03-04,rebalance,512890.SH,sell,391200,430320.00000000006
2019-03-04,rebalance,511260.SH,buy,5700,602832.0
2019-04-02,rebalance,511260.SH,sell,1800,192186.0
2019-04-02,rebalance,511880.SH,buy,1400,172376.79984
2019-04-02,rebalance,512890.SH,buy,28300,33733.6
2019-05-07,rebalance,511260.SH,sell,1700,178789.0
2019-05-07,rebalance,511880.SH,sell,2300,283946.2608
2019-05-07,rebalance,512890.SH,buy,438300,486513.00000000006
2019-06-04,rebalance,511260.SH,sell,2500,265290.0
2019-06-04,rebalance,512890.SH,buy,124800,137779.2
2019-06-04,rebalance,511880.SH,buy,1100,136058.38752
2019-07-02,rebalance,512890.SH,sell,538400,617544.8
2019-07-02,rebalance,511260.SH,buy,4500,479542.5
2019-07-02,rebalance,511880.SH,buy,1400,173443.98960000003
2019-08-02,rebalance,511260.SH,sell,1800,193636.8
2019-08-02,rebalance,511880.SH,sell,2400,297980.49024
2019-08-02,rebalance,512890.SH,buy,440100,498633.3
2019-09-03,rebalance,512890.SH,sell,427300,479003.3
2019-09-03,rebalance,511880.SH,buy,2500,311016.306
2019-09-03,rebalance,511260.SH,buy,1800,194509.80000000002
2019-10-09,rebalance,511880.SH,sell,1500,187071.5484
2019-10-09,rebalance,512890.SH,sell,45400,50984.2
2019-10-09,rebalance,511260.SH,buy,2400,258244.80000000002
2019-11-04,rebalance,511260.SH,buy,200,21310.2
2019-12-03,rebalance,511260.SH,sell,6800,731958.8
2019-12-03,rebalance,512890.SH,buy,620700,710701.5
2019-12-03,rebalance,511880.SH,buy,300,37538.17992
2020-01-03,rebalance,512890.SH,sell,577700,708837.9
2020-01-03,rebalance,511260.SH,buy,4900,530674.9
2020-01-03,rebalance,511880.SH,buy,1600,200628.46847999998
2020-02-04,rebalance,511260.SH,sell,4800,531504.0
2020-02-04,rebalance,511880.SH,sell,1400,175914.6088
2020-02-04,rebalance,512890.SH,buy,696100,735777.7
2020-03-03,rebalance,512890.SH,sell,659800,771966.0
2020-03-03,rebalance,511260.SH,buy,5000,558545.0
2020-03-03,rebalance,511880.SH,buy,1700,214076.86492
2020-04-02,rebalance,511260.SH,sell,4800,541488.0
2020-04-02,rebalance,511880.SH,sell,1500,189212.592
2020-04-02,rebalance,512890.SH,buy,720600,766718.4
2020-05-07,rebalance,512890.SH,sell,686500,762701.5
2020-05-07,rebalance,511260.SH,buy,4900,560016.1
2020-05-07,rebalance,511880.SH,buy,1700,214721.97616
2020-06-02,rebalance,511880.SH,sell,1800,227609.67311999996
2020-06-02,rebalance,512890.SH,sell,63900,72207.0
2020-06-02,rebalance,511260.SH,buy,2700,303744.60000000003
2020-07-02,rebalance,511260.SH,buy,300,33450.0
2020-08-04,rebalance,512890.SH,sell,41600,55993.600000000006
2020-08-04,rebalance,511260.SH,buy,500,55220.0
2020-08-04,rebalance,511880.SH,buy,200,25360.098079999996
2020-09-02,rebalance,511260.SH,buy,100,11010.7
2020-10-12,rebalance,511260.SH,sell,4900,539294.0
2020-10-12,rebalance,511880.SH,sell,3600,458158.97952
2020-10-12,rebalance,512890.SH,buy,542600,710263.4
2020-10-12,rebalance,511360.SH,buy,3100,310930.0
2020-11-03,rebalance,511360.SH,sell,200,20093.199999999997
2020-11-03,rebalance,512890.SH,sell,525900,693136.2000000001
2020-11-03,rebalance,511260.SH,buy,5200,573820.0
2020-11-03,rebalance,511880.SH,buy,1300,165680.74744
2020-12-02,rebalance,511880.SH,sell,600,76581.50472
2020-12-02,rebalance,512890.SH,sell,23300,33179.2
2020-12-02,rebalance,511360.SH,buy,1100,110715.0
2020-12-02,rebalance,511260.SH,buy,100,10961.0
2021-01-05,rebalance,511260.SH,sell,3900,429148.2
2021-01-05,rebalance,511360.SH,sell,2500,252657.5
2021-01-05,rebalance,511880.SH,sell,200,25590.07248
2021-01-05,rebalance,512890.SH,buy,549900,724768.2000000001
2021-02-02,rebalance,511260.SH,sell,4500,497920.5
2021-02-02,rebalance,511360.SH,buy,2700,273164.39999999997
2021-02-02,rebalance,512890.SH,buy,157400,204462.59999999998
2021-02-02,rebalance,511880.SH,buy,300,38450.26632
2021-03-02,rebalance,511880.SH,sell,100,12842.05192
2021-03-02,rebalance,512890.SH,sell,686900,953417.2
2021-03-02,rebalance,511260.SH,buy,8900,981091.5
2021-04-02,rebalance,511260.SH,sell,4100,454587.5
2021-04-02,rebalance,511880.SH,buy,2000,257323.97120000003
2021-04-02,rebalance,511360.SH,buy,1100,111873.3
2021-04-02,rebalance,512890.SH,buy,69500,99315.5
2021-05-07,rebalance,511880.SH,buy,100,12889.7064
2021-05-07,rebalance,511260.SH,buy,100,11163.9
2021-06-02,rebalance,512890.SH,sell,11200,17180.8
2021-06-02,rebalance,511260.SH,buy,200,22502.600000000002
2021-06-02,rebalance,511880.SH,buy,100,12906.315200000001
2021-06-02,rebalance,511360.SH,buy,100,10229.5
2021-07-02,rebalance,511360.SH,sell,2600,266401.2
2021-07-02,rebalance,511880.SH,sell,2900,375046.37904
2021-07-02,rebalance,512890.SH,buy,431900,653464.7
2021-08-03,rebalance,511260.SH,sell,4800,551044.8
2021-08-03,rebalance,512890.SH,buy,217800,308187.0
2021-08-03,rebalance,511880.SH,buy,1600,207230.80832
2021-08-03,rebalance,511360.SH,buy,500,51421.5
2021-09-02,rebalance,512890.SH,sell,704100,1118110.8
2021-09-02,rebalance,511260.SH,buy,10000,1150080.0
2021-09-02,rebalance,511360.SH,buy,100,10305.6
2021-10-11,rebalance,511260.SH,sell,100,11469.9
2021-10-11,rebalance,511880.SH,sell,700,91018.52368000001
2021-10-11,rebalance,512890.SH,sell,14600,23987.8
2021-10-11,rebalance,511360.SH,buy,1300,134277.0
2021-11-02,rebalance,511260.SH,sell,4500,516015.0
2021-11-02,rebalance,511360.SH,sell,2900,299970.2
2021-11-02,rebalance,511880.SH,sell,200,26035.188320000005
2021-11-02,rebalance,512890.SH,buy,542900,846492.0687599999
2021-12-02,rebalance,511260.SH,sell,2100,242172.0
2021-12-02,rebalance,512890.SH,buy,94300,146647.0616
2021-12-02,rebalance,511880.SH,buy,900,117342.32183999999
2021-12-02,rebalance,511360.SH,buy,200,20737.0
2022-01-05,rebalance,512890.SH,sell,558000,923699.6963999999
2022-01-05,rebalance,511360.SH,buy,5700,592366.8
2022-01-05,rebalance,511260.SH,buy,2200,255981.0
2022-01-05,rebalance,511880.SH,buy,700,91453.22549999999
2022-02-08,rebalance,511360.SH,sell,1600,166792.0
2022-02-08,rebalance,511880.SH,buy,1100,144052.425
2022-02-08,rebalance,511260.SH,buy,200,23408.600000000002
2022-02-08,rebalance,512890.SH,buy,11900,19747.67158
2022-03-02,rebalance,511360.SH,sell,2500,260965.0
2022-03-02,rebalance,511880.SH,sell,1500,196587.81
2022-03-02,rebalance,512890.SH,sell,75600,128394.95759999998
2022-03-02,rebalance,511260.SH,buy,5200,605914.4
2022-04-06,rebalance,511260.SH,sell,5100,597031.5
2022-04-06,rebalance,511360.SH,buy,4300,449629.5
2022-04-06,rebalance,512890.SH,buy,56700,99196.70669999998
2022-04-06,rebalance,511880.SH,buy,500,65653.8975
2022-05-06,rebalance,511260.SH,sell,2100,246044.4
2022-05-06,rebalance,511360.SH,sell,5800,608414.2
2022-05-06,rebalance,511880.SH,sell,600,78915.438
2022-05-06,rebalance,512890.SH,buy,556900,937832.1859399999
2022-06-02,rebalance,512890.SH,sell,540200,935132.2250399999
2022-06-02,rebalance,511360.SH,buy,4200,441596.39999999997
2022-06-02,rebalance,511260.SH,buy,2400,282840.0
2022-06-02,rebalance,511880.SH,buy,1700,223879.9275
2022-07-04,rebalance,511360.SH,sell,1200,126349.2
2022-07-04,rebalance,511880.SH,sell,2400,316516.788
2022-07-04,rebalance,512890.SH,sell,72800,126469.89263999998
2022-07-04,rebalance,511260.SH,buy,5000,588225.0
2022-08-02,rebalance,511260.SH,sell,10200,1212280.2
2022-08-02,rebalance,511360.SH,sell,1200,126656.4
2022-08-02,rebalance,512890.SH,buy,745700,1235939.5854
2022-08-02,rebalance,511880.SH,buy,1000,132066.0
2022-09-02,rebalance,512890.SH,sell,663600,1159611.00528
2022-09-02,rebalance,511260.SH,buy,5300,635835.7
2022-09-02,rebalance,511360.SH,buy,4500,475560.00000000006
2022-09-02,rebalance,511880.SH,buy,500,66114.5625
2022-10-11,rebalance,511360.SH,sell,5100,539835.0
2022-10-11,rebalance,511880.SH,sell,2400,317841.624
2022-10-11,rebalance,512890.SH,buy,482400,830140.0660799999
2022-10-11,rebalance,511260.SH,buy,300,35778.9
2022-11-02,rebalance,511260.SH,sell,5600,672196.0
2022-11-02,rebalance,512890.SH,buy,244600,389889.90508
2022-11-02,rebalance,511880.SH,buy,2000,265053.32999999996
2022-11-02,rebalance,511360.SH,buy,600,63561.0
2022-12-02,rebalance,511880.SH,sell,900,119406.71699999999
2022-12-02,rebalance,512890.SH,sell,788200,1378956.6881999997
2022-12-02,rebalance,511260.SH,buy,11200,1331187.2
2022-12-02,rebalance,511360.SH,buy,1600,169505.6
2023-01-04,rebalance,511260.SH,sell,10800,1288904.4000000001
2023-01-04,rebalance,511360.SH,sell,1300,138018.4
2023-01-04,rebalance,512890.SH,buy,787500,1324556.4149999998
2023-01-04,rebalance,511880.SH,buy,1000,132888.66879999998
2023-02-02,rebalance,511360.SH,sell,100,10638.5
2023-02-02,rebalance,511880.SH,sell,100,13306.5213
2023-02-02,rebalance,512890.SH,sell,770700,1340455.389
2023-02-02,rebalance,511260.SH,buy,11500,1370064.0
2023-03-02,rebalance,511260.SH,sell,5500,656282.0
2023-03-02,rebalance,511360.SH,buy,3000,319611.0
2023-03-02,rebalance,511880.SH,buy,1800,239816.04839999997
2023-03-02,rebalance,512890.SH,buy,68400,123304.83047999999
2023-04-04,rebalance,511260.SH,sell,5800,695275.0
2023-04-04,rebalance,511360.SH,sell,2700,288414.0
2023-04-04,rebalance,511880.SH,sell,1600,213535.12127999996
2023-04-04,rebalance,512890.SH,buy,660300,1210590.85056
2023-05-05,rebalance,512890.SH,sell,678700,1372090.86872
2023-05-05,rebalance,511260.SH,buy,6500,786558.5
2023-05-05,rebalance,511360.SH,buy,3100,331895.3
2023-05-05,rebalance,511880.SH,buy,2000,267372.87239999993
2023-06-02,rebalance,511260.SH,sell,6200,754540.0
2023-06-02,rebalance,511360.SH,sell,2900,311294.7
2023-06-02,rebalance,511880.SH,sell,1800,240962.92199999996
2023-06-02,rebalance,512890.SH,buy,693900,1324727.6819399998
2023-07-04,rebalance,512890.SH,buy,14000,26412.349599999998
2023-08-02,rebalance,512890.SH,sell,689800,1369124.6971999998
2023-08-02,rebalance,511260.SH,buy,6400,784601.6
2023-08-02,rebalance,511360.SH,buy,3100,333916.5
2023-08-02,rebalance,511880.SH,buy,1900,255068.5381
2023-09-04,rebalance,511260.SH,sell,6200,763226.2
2023-09-04,rebalance,511360.SH,sell,3000,323805.0
2023-09-04,rebalance,511880.SH,sell,1800,242028.55872
2023-09-04,rebalance,512890.SH,buy,713100,1368678.2163599997
2023-10-10,rebalance,511880.SH,sell,1200,161612.01192000002
2023-10-10,rebalance,512890.SH,sell,783800,1523620.9819999998
2023-10-10,rebalance,511260.SH,buy,12200,1497293.8
2023-10-10,rebalance,511360.SH,buy,1500,162121.5
2023-11-02,rebalance,511260.SH,sell,12200,1502808.2
2023-11-02,rebalance,511360.SH,sell,1400,151473.0
2023-11-02,rebalance,512890.SH,buy,816200,1539839.98168
2023-11-02,rebalance,511880.SH,buy,1300,175271.2234
2023-12-04,rebalance,511360.SH,sell,200,21680.0
2023-12-04,rebalance,511880.SH,sell,200,27006.483959999998
2023-12-04,rebalance,512890.SH,sell,795200,1509984.28672
2023-12-04,rebalance,511260.SH,buy,12700,1568323.0
2024-01-03,rebalance,511260.SH,sell,12600,1571409.0
2024-01-03,rebalance,512890.SH,buy,817000,1541349.2588
2024-01-03,rebalance,511360.SH,buy,300,32612.999999999996
2024-01-03,rebalance,511880.SH,buy,200,27050.8028
2024-02-02,rebalance,512890.SH,sell,5700,11033.519639999999
2024-02-02,rebalance,511880.SH,buy,100,13547.152500000002
2024-02-02,rebalance,511260.SH,buy,100,12581.699999999999
2024-03-04,rebalance,512890.SH,sell,732800,1505453.18144
2024-03-04,rebalance,511260.SH,buy,6900,872643.0
2024-03-04,rebalance,511360.SH,buy,3500,382214.0
2024-03-04,rebalance,511880.SH,buy,2000,271321.33
2024-04-02,rebalance,511360.SH,sell,3500,382847.5
2024-04-02,rebalance,511880.SH,sell,2000,271729.332
2024-04-02,rebalance,512890.SH,sell,82700,171928.27183999997
2024-04-02,rebalance,511260.SH,buy,6700,849680.6
2024-05-07,rebalance,511260.SH,sell,6500,828724.0
2024-05-07,rebalance,511360.SH,buy,3600,394804.80000000005
2024-05-07,rebalance,511880.SH,buy,2200,299339.1785999999
2024-05-07,rebalance,512890.SH,buy,72300,155041.39247999998
2024-06-04,rebalance,511260.SH,buy,100,12793.800000000001
2024-06-04,rebalance,511360.SH,buy,100,10985.9
2024-07-02,rebalance,511260.SH,sell,6800,875248.3999999999
2024-07-02,rebalance,511360.SH,sell,3300,363069.3
2024-07-02,rebalance,511880.SH,sell,1900,259128.55500000002
2024-07-02,rebalance,512890.SH,buy,686000,1511777.5764
2024-08-02,rebalance,511260.SH,sell,300,39203.4
2024-08-02,rebalance,511360.SH,sell,100,11022.7
2024-08-02,rebalance,511880.SH,sell,100,13653.8815
2024-08-02,rebalance,512890.SH,buy,36700,76672.54633999997
2024-09-03,rebalance,511360.SH,sell,1000,110332.0
2024-09-03,rebalance,511880.SH,sell,2600,355447.0192
2024-09-03,rebalance,512890.SH,sell,193600,398125.0415999999
2024-09-03,rebalance,511260.SH,buy,6500,847885.9999999999
2024-10-09,rebalance,512890.SH,sell,630600,1446464.1001199998
2024-10-09,rebalance,511260.SH,buy,6800,884788.8
2024-10-09,rebalance,511360.SH,buy,2700,298182.60000000003
2024-10-09,rebalance,511880.SH,buy,1300,177928.9967
2024-11-04,rebalance,511260.SH,sell,6000,785946.0000000001
2024-11-04,rebalance,511880.SH,buy,3500,479555.013
2024-11-04,rebalance,512890.SH,buy,110300,243751.5288
2024-11-04,rebalance,511360.SH,buy,2000,221370.0
2024-12-03,rebalance,511260.SH,sell,6900,915471.2999999999
2024-12-03,rebalance,511360.SH,sell,3400,377107.6
2024-12-03,rebalance,511880.SH,sell,2000,274290.828
2024-12-03,rebalance,512890.SH,buy,715900,1592318.6684599996
2025-01-03,rebalance,511260.SH,sell,200,27323.0
2025-01-03,rebalance,512890.SH,sell,6300,14193.057059999997
2025-01-03,rebalance,511880.SH,buy,100,13730.4272
2025-02-06,rebalance,511260.SH,sell,100,13663.0
2025-02-06,rebalance,511880.SH,sell,1300,178718.5036
2025-02-06,rebalance,511360.SH,buy,2100,233541.0
2025-02-06,rebalance,512890.SH,buy,6400,14104.047359999999
2025-03-04,rebalance,511360.SH,sell,3100,344890.5
2025-03-04,rebalance,511880.SH,sell,1500,206374.182
2025-03-04,rebalance,512890.SH,sell,409200,904289.4432
2025-03-04,rebalance,511260.SH,buy,10900,1477985.5
2025-04-02,rebalance,512890.SH,sell,384600,876682.9312799999
2025-04-02,rebalance,511260.SH,buy,3400,457381.6
2025-04-02,rebalance,511880.SH,buy,2600,358118.3424
2025-04-02,rebalance,511360.SH,buy,800,89188.8
2025-05-07,rebalance,511260.SH,sell,14000,1911868.0000000002
2025-05-07,rebalance,512890.SH,buy,807600,1839244.8765599998
2025-05-07,rebalance,511360.SH,buy,400,44680.399999999994
2025-05-07,rebalance,511880.SH,buy,300,41359.2144
2025-06-04,rebalance,511360.SH,sell,100,11185.9
2025-06-04,rebalance,511880.SH,sell,100,13799.3016
2025-06-04,rebalance,512890.SH,sell,809300,1934195.9228799995
2025-06-04,rebalance,511260.SH,buy,14600,1988724.4
2025-07-02,rebalance,511260.SH,sell,7000,957579.0
2025-07-02,rebalance,511360.SH,buy,4000,447984.0
2025-07-02,rebalance,511880.SH,buy,2400,331486.17600000004
2025-07-02,rebalance,512890.SH,buy,74000,181096.8848
2025-08-04,rebalance,511360.SH,sell,6700,751398.3
2025-08-04,rebalance,511880.SH,sell,4000,553124.544
2025-08-04,rebalance,512890.SH,buy,534500,1286184.0263999996
2025-08-04,rebalance,511260.SH,buy,200,27286.0
2025-09-02,rebalance,512890.SH,sell,615200,1500516.11008
2025-09-02,rebalance,511260.SH,buy,7000,950131.0
2025-09-02,rebalance,511360.SH,buy,4900,550206.3
2025-09-02,rebalance,511880.SH,buy,300,41524.26600000001
2025-10-10,rebalance,511260.SH,sell,6800,923480.28864
2025-10-10,rebalance,511360.SH,sell,4900,550936.4
2025-10-10,rebalance,511880.SH,sell,200,27703.6984
2025-10-10,rebalance,512890.SH,buy,648100,1514454.4152399998
2025-11-04,rebalance,512890.SH,sell,552700,1361645.4269599998
2025-11-04,rebalance,511360.SH,buy,7000,787976.0
2025-11-04,rebalance,511880.SH,buy,4200,582163.7472000001
2025-11-04,rebalance,511260.SH,buy,100,13672.713600000001
2025-12-02,rebalance,511360.SH,sell,4100,462004.39999999997
2025-12-02,rebalance,511880.SH,sell,2500,346845.02999999997
2025-12-02,rebalance,512890.SH,sell,85000,210625.59699999998
2025-12-02,rebalance,511260.SH,buy,7600,1036354.9232399999
2026-01-06,rebalance,511260.SH,sell,7300,992016.5639999999
2026-01-06,rebalance,511360.SH,sell,2800,315924.0
2026-01-06,rebalance,511880.SH,sell,1700,236053.40003999998
2026-01-06,rebalance,512890.SH,buy,641100,1538763.4758600001
2026-02-03,rebalance,511260.SH,sell,7800,1068675.68808
2026-02-03,rebalance,512890.SH,buy,209700,495167.71355999995
2026-02-03,rebalance,511360.SH,buy,3000,338919.0
2026-02-03,rebalance,511880.SH,buy,1900,264069.61254
2026-03-03,rebalance,512890.SH,sell,748900,1812828.2299399998
2026-03-03,rebalance,511260.SH,buy,7800,1071624.87432
2026-03-03,rebalance,511360.SH,buy,4100,463755.10000000003
2026-03-03,rebalance,511880.SH,buy,2200,306021.27995999996
2026-04-02,rebalance,511360.SH,sell,4200,475721.39999999997
2026-04-02,rebalance,511880.SH,sell,2400,334114.51536
2026-04-02,rebalance,512890.SH,sell,89000,217805.71279999998
2026-04-02,rebalance,511260.SH,buy,7600,1043750.313
2026-05-07,rebalance,511260.SH,sell,15300,2111518.0318500004
2026-05-07,rebalance,512890.SH,buy,844500,2042514.7937999996
2026-05-07,rebalance,511880.SH,buy,300,41803.450379999995
2026-05-07,rebalance,511360.SH,buy,300,34021.8
2026-06-02,rebalance,512890.SH,buy,10200,24607.191959999996
2026-07-02,rebalance,511360.SH,sell,1300,147703.4
2026-07-02,rebalance,511880.SH,sell,3100,432657.33605999994
2026-07-02,rebalance,512890.SH,sell,165100,365529.48484
2026-07-02,rebalance,511260.SH,buy,7000,972094.2714
2026-08-04,rebalance,512890.SH,sell,602400,1479157.0559999999
2026-08-04,rebalance,511880.SH,buy,5400,754530.4839600001
2026-08-04,rebalance,511360.SH,buy,5200,591526.0
2026-08-04,rebalance,511260.SH,buy,600,83752.95348
