date,arm,510300.SH,159915.SZ,513100.SH,518880.SH
2014-01-13,B,0.0,0.0,1.0,0.0
2014-01-20,B,0.0,1.0,0.0,0.0
2014-02-20,B,0.0,0.0,0.0,1.0
2014-03-26,B,1.0,0.0,0.0,0.0
2014-04-29,B,0.0,0.0,0.0,1.0
2014-05-09,B,0.0,0.0,1.0,0.0
2014-06-16,B,0.0,1.0,0.0,0.0
2014-06-23,B,0.0,0.0,1.0,0.0
2014-06-30,B,0.0,0.0,0.0,1.0
2014-07-08,B,0.0,0.0,1.0,0.0
2014-07-21,B,1.0,0.0,0.0,0.0
2014-08-21,B,0.0,1.0,0.0,0.0
2014-09-04,B,0.0,0.0,1.0,0.0
2014-09-12,B,0.0,1.0,0.0,0.0
2014-09-22,B,1.0,0.0,0.0,0.0
2014-09-29,B,0.0,1.0,0.0,0.0
2014-10-17,B,1.0,0.0,0.0,0.0
2014-10-24,B,0.0,0.0,0.0,1.0
2014-10-31,B,1.0,0.0,0.0,0.0
2014-11-07,B,0.0,0.0,1.0,0.0
2014-11-24,B,1.0,0.0,0.0,0.0
2015-01-20,B,0.0,0.0,0.0,1.0
2015-01-28,B,0.0,1.0,0.0,0.0
2015-02-26,B,0.0,0.0,1.0,0.0
2015-03-05,B,0.0,1.0,0.0,0.0
2015-03-31,B,1.0,0.0,0.0,0.0
2015-04-08,B,0.0,1.0,0.0,0.0
2015-04-15,B,1.0,0.0,0.0,0.0
2015-05-07,B,0.0,1.0,0.0,0.0
2015-06-09,B,1.0,0.0,0.0,0.0
2015-06-23,B,0.0,0.0,1.0,0.0
2015-07-07,B,0.0,0.0,0.0,1.0
2015-07-15,B,0.0,0.0,1.0,0.0
2015-08-05,B,0.0,1.0,0.0,0.0
2015-08-12,B,0.0,0.0,1.0,0.0
2015-08-19,B,0.0,0.0,0.0,1.0
2015-09-23,B,0.0,0.0,1.0,0.0
2015-09-30,B,0.0,1.0,0.0,0.0
2015-11-04,B,0.0,0.0,1.0,0.0
2015-11-11,B,0.0,1.0,0.0,0.0
2015-12-03,B,1.0,0.0,0.0,0.0
2015-12-10,B,0.0,0.0,1.0,0.0
2015-12-21,B,0.0,1.0,0.0,0.0
2015-12-28,B,1.0,0.0,0.0,0.0
2016-01-05,B,0.0,0.0,0.0,1.0
2016-03-15,B,0.0,0.0,1.0,0.0
2016-03-25,B,1.0,0.0,0.0,0.0
2016-04-01,B,0.0,1.0,0.0,0.0
2016-04-20,B,0.0,0.0,1.0,0.0
2016-04-27,B,0.0,0.0,0.0,1.0
2016-05-26,B,0.0,0.0,1.0,0.0
2016-06-07,B,0.0,1.0,0.0,0.0
2016-06-16,B,0.0,0.0,1.0,0.0
2016-06-24,B,0.0,1.0,0.0,0.0
2016-07-01,B,0.0,0.0,0.0,1.0
2016-07-12,B,0.0,1.0,0.0,0.0
2016-07-19,B,1.0,0.0,0.0,0.0
2016-07-26,B,0.0,0.0,1.0,0.0
2016-08-18,B,1.0,0.0,0.0,0.0
2016-09-09,B,0.0,1.0,0.0,0.0
2016-09-20,B,0.0,0.0,1.0,0.0
2016-10-10,B,0.0,0.0,0.0,1.0
2016-10-17,B,0.0,0.0,1.0,0.0
2016-10-24,B,1.0,0.0,0.0,0.0
2016-11-08,B,0.0,0.0,0.0,1.0
2016-11-15,B,1.0,0.0,0.0,0.0
2016-12-08,B,0.0,0.0,1.0,0.0
2017-01-16,B,0.0,0.0,0.0,1.0
2017-02-03,B,1.0,0.0,0.0,0.0
2017-02-10,B,0.0,0.0,1.0,0.0
2017-03-23,B,0.0,0.0,0.0,1.0
2017-03-30,B,0.0,0.0,1.0,0.0
2017-04-10,B,0.0,0.0,0.0,1.0
2017-04-26,B,0.0,0.0,1.0,0.0
2017-06-02,B,1.0,0.0,0.0,0.0
2017-07-27,B,0.0,0.0,1.0,0.0
2017-08-10,B,0.0,0.0,0.0,1.0
2017-08-17,B,0.0,1.0,0.0,0.0
2017-09-13,B,1.0,0.0,0.0,0.0
2017-09-20,B,0.0,1.0,0.0,0.0
2017-09-27,B,0.0,0.0,1.0,0.0
2017-10-25,B,1.0,0.0,0.0,0.0
2017-11-01,B,0.0,0.0,1.0,0.0
2017-11-14,B,1.0,0.0,0.0,0.0
2017-11-24,B,0.0,0.0,1.0,0.0
2018-01-02,B,1.0,0.0,0.0,0.0
2018-01-09,B,0.0,0.0,0.0,1.0
2018-01-16,B,1.0,0.0,0.0,0.0
2018-01-31,B,0.0,0.0,1.0,0.0
2018-02-07,B,0.0,0.0,0.0,1.0
2018-02-14,B,0.0,1.0,0.0,0.0
2018-02-28,B,0.0,0.0,1.0,0.0
2018-03-07,B,0.0,1.0,0.0,0.0
2018-04-11,B,0.0,0.0,0.0,1.0
2018-04-25,B,0.0,1.0,0.0,0.0
2018-05-04,B,0.0,0.0,1.0,0.0
2018-05-21,B,1.0,0.0,0.0,0.0
2018-05-28,B,0.0,0.0,1.0,0.0
2018-07-20,B,0.0,1.0,0.0,0.0
2018-07-27,B,0.0,0.0,1.0,0.0
2018-09-04,B,1.0,0.0,0.0,0.0
2018-09-11,B,0.0,0.0,1.0,0.0
2018-09-21,B,0.0,0.0,0.0,1.0
2018-10-08,B,1.0,0.0,0.0,0.0
2018-10-15,B,0.0,0.0,0.0,1.0
2018-11-09,B,0.0,1.0,0.0,0.0
2018-12-03,B,0.0,0.0,0.0,1.0
2019-01-21,B,1.0,0.0,0.0,0.0
2019-01-28,B,0.0,0.0,1.0,0.0
2019-02-12,B,1.0,0.0,0.0,0.0
2019-02-19,B,0.0,1.0,0.0,0.0
2019-03-27,B,0.0,0.0,1.0,0.0
2019-04-09,B,1.0,0.0,0.0,0.0
2019-04-16,B,0.0,0.0,1.0,0.0
2019-04-23,B,1.0,0.0,0.0,0.0
2019-04-30,B,0.0,0.0,1.0,0.0
2019-05-15,B,0.0,0.0,0.0,1.0
2019-07-02,B,1.0,0.0,0.0,0.0
2019-07-10,B,0.0,0.0,0.0,1.0
2019-07-17,B,0.0,0.0,1.0,0.0
2019-07-30,B,0.0,0.0,0.0,1.0
2019-09-03,B,0.0,1.0,0.0,0.0
2019-09-27,B,0.0,0.0,1.0,0.0
2019-10-11,B,0.0,1.0,0.0,0.0
2019-10-18,B,0.0,0.0,1.0,0.0
2019-11-06,B,0.0,1.0,0.0,0.0
2019-11-13,B,0.0,0.0,1.0,0.0
2019-12-11,B,0.0,1.0,0.0,0.0
2019-12-18,B,0.0,0.0,1.0,0.0
2019-12-25,B,0.0,1.0,0.0,0.0
2020-01-02,B,1.0,0.0,0.0,0.0
2020-01-09,B,0.0,0.0,0.0,1.0
2020-01-16,B,0.0,0.0,1.0,0.0
2020-01-23,B,0.0,1.0,0.0,0.0
2020-02-07,B,0.0,0.0,1.0,0.0
2020-02-20,B,0.0,1.0,0.0,0.0
2020-02-27,B,0.0,0.0,0.0,1.0
2020-03-05,B,0.0,1.0,0.0,0.0
2020-03-12,B,0.0,0.0,0.0,1.0
2020-04-23,B,0.0,1.0,0.0,0.0
2020-04-30,B,0.0,0.0,1.0,0.0
2020-06-01,B,0.0,0.0,0.0,1.0
2020-06-08,B,0.0,1.0,0.0,0.0
2020-07-07,B,1.0,0.0,0.0,0.0
2020-07-14,B,0.0,1.0,0.0,0.0
2020-07-27,B,0.0,0.0,0.0,1.0
2020-08-13,B,0.0,0.0,1.0,0.0
2020-09-29,B,1.0,0.0,0.0,0.0
2020-10-14,B,0.0,1.0,0.0,0.0
2020-10-26,B,1.0,0.0,0.0,0.0
2020-11-02,B,0.0,1.0,0.0,0.0
2020-11-09,B,1.0,0.0,0.0,0.0
2020-12-15,B,0.0,1.0,0.0,0.0
2020-12-29,B,0.0,0.0,0.0,1.0
2021-01-06,B,0.0,1.0,0.0,0.0
2021-01-14,B,1.0,0.0,0.0,0.0
2021-01-21,B,0.0,1.0,0.0,0.0
2021-02-02,B,1.0,0.0,0.0,0.0
2021-02-09,B,0.0,0.0,1.0,0.0
2021-03-01,B,1.0,0.0,0.0,0.0
2021-03-09,B,0.0,0.0,1.0,0.0
2021-03-16,B,0.0,0.0,0.0,1.0
2021-03-24,B,0.0,0.0,1.0,0.0
2021-03-31,B,0.0,0.0,0.0,1.0
2021-04-08,B,0.0,0.0,1.0,0.0
2021-04-22,B,0.0,1.0,0.0,0.0
2021-05-10,B,0.0,0.0,0.0,1.0
2021-05-17,B,0.0,1.0,0.0,0.0
2021-05-24,B,0.0,0.0,0.0,1.0
2021-05-31,B,0.0,1.0,0.0,0.0
2021-06-16,B,0.0,0.0,1.0,0.0
2021-07-22,B,0.0,1.0,0.0,0.0
2021-07-29,B,0.0,0.0,0.0,1.0
2021-08-05,B,0.0,1.0,0.0,0.0
2021-08-12,B,0.0,0.0,1.0,0.0
2021-08-25,B,1.0,0.0,0.0,0.0
2021-09-01,B,0.0,0.0,1.0,0.0
2021-09-08,B,0.0,0.0,0.0,1.0
2021-09-15,B,1.0,0.0,0.0,0.0
2021-10-12,B,0.0,1.0,0.0,0.0
2021-11-03,B,0.0,0.0,1.0,0.0
2021-11-26,B,0.0,1.0,0.0,0.0
2021-12-07,B,1.0,0.0,0.0,0.0
2021-12-30,B,0.0,0.0,0.0,1.0
2022-03-23,B,0.0,0.0,1.0,0.0
2022-04-18,B,0.0,0.0,0.0,1.0
2022-05-19,B,0.0,1.0,0.0,0.0
2022-05-31,B,1.0,0.0,0.0,0.0
2022-06-08,B,0.0,1.0,0.0,0.0
2022-07-18,B,0.0,0.0,1.0,0.0
2022-08-25,B,0.0,0.0,0.0,1.0
2022-09-01,B,1.0,0.0,0.0,0.0
2022-09-08,B,0.0,0.0,0.0,1.0
2022-11-04,B,0.0,1.0,0.0,0.0
2022-11-11,B,0.0,0.0,0.0,1.0
2022-11-28,B,1.0,0.0,0.0,0.0
2022-12-05,B,0.0,0.0,0.0,1.0
2022-12-12,B,1.0,0.0,0.0,0.0
2022-12-22,B,0.0,0.0,0.0,1.0
2023-01-13,B,0.0,1.0,0.0,0.0
2023-02-07,B,0.0,0.0,1.0,0.0
2023-03-03,B,1.0,0.0,0.0,0.0
2023-03-10,B,0.0,0.0,0.0,1.0
2023-03-31,B,0.0,0.0,1.0,0.0
2023-04-10,B,0.0,0.0,0.0,1.0
2023-04-17,B,0.0,1.0,0.0,0.0
2023-04-24,B,0.0,0.0,1.0,0.0
2023-05-05,B,0.0,0.0,0.0,1.0
2023-05-12,B,0.0,0.0,1.0,0.0
2023-07-24,B,0.0,0.0,0.0,1.0
2023-07-31,B,1.0,0.0,0.0,0.0
2023-08-14,B,0.0,0.0,0.0,1.0
2023-08-21,B,1.0,0.0,0.0,0.0
2023-08-28,B,0.0,0.0,0.0,1.0
2023-09-18,B,0.0,0.0,1.0,0.0
2023-09-25,B,0.0,0.0,0.0,1.0
2023-10-11,B,0.0,0.0,1.0,0.0
2023-10-19,B,0.0,0.0,0.0,1.0
2023-11-14,B,0.0,0.0,1.0,0.0
2023-11-21,B,0.0,1.0,0.0,0.0
2023-11-28,B,0.0,0.0,1.0,0.0
2023-12-08,B,0.0,0.0,0.0,1.0
2023-12-15,B,0.0,0.0,1.0,0.0
2024-01-11,B,0.0,0.0,0.0,1.0
2024-01-22,B,0.0,0.0,1.0,0.0
2024-02-23,B,1.0,0.0,0.0,0.0
2024-03-05,B,0.0,1.0,0.0,0.0
2024-03-22,B,0.0,0.0,0.0,1.0
2024-05-07,B,1.0,0.0,0.0,0.0
2024-05-21,B,0.0,0.0,1.0,0.0
2024-07-15,B,0.0,0.0,0.0,1.0
2024-07-22,B,1.0,0.0,0.0,0.0
2024-07-29,B,0.0,0.0,0.0,1.0
2024-09-02,B,0.0,0.0,1.0,0.0
2024-09-09,B,0.0,0.0,0.0,1.0
2024-09-26,B,0.0,1.0,0.0,0.0
2024-11-04,B,0.0,0.0,0.0,1.0
2024-11-11,B,0.0,1.0,0.0,0.0
2024-11-18,B,0.0,0.0,1.0,0.0
2024-12-13,B,0.0,0.0,0.0,1.0
2024-12-20,B,0.0,0.0,1.0,0.0
2025-01-13,B,0.0,0.0,0.0,1.0
2025-02-18,B,0.0,1.0,0.0,0.0
2025-02-26,B,0.0,0.0,0.0,1.0
2025-03-06,B,0.0,1.0,0.0,0.0
2025-03-13,B,1.0,0.0,0.0,0.0
2025-03-20,B,0.0,0.0,0.0,1.0
2025-05-09,B,0.0,1.0,0.0,0.0
2025-05-16,B,0.0,0.0,1.0,0.0
2025-06-13,B,0.0,0.0,0.0,1.0
2025-06-20,B,0.0,0.0,1.0,0.0
2025-06-27,B,0.0,1.0,0.0,0.0
2025-07-07,B,0.0,0.0,1.0,0.0
2025-07-14,B,0.0,1.0,0.0,0.0
2025-09-23,B,0.0,0.0,0.0,1.0
2025-09-30,B,0.0,0.0,1.0,0.0
2025-10-15,B,0.0,0.0,0.0,1.0
2025-10-28,B,0.0,0.0,1.0,0.0
2025-11-18,B,0.0,1.0,0.0,0.0
2025-11-25,B,0.0,0.0,0.0,1.0
2025-12-10,B,0.0,1.0,0.0,0.0
2025-12-17,B,0.0,0.0,0.0,1.0
2025-12-31,B,0.0,1.0,0.0,0.0
2026-01-09,B,0.0,0.0,0.0,1.0
2026-01-16,B,0.0,1.0,0.0,0.0
2026-01-23,B,0.0,0.0,0.0,1.0
2026-03-06,B,1.0,0.0,0.0,0.0
2026-03-13,B,0.0,0.0,0.0,1.0
2026-03-20,B,0.0,1.0,0.0,0.0
2026-04-08,B,0.0,0.0,1.0,0.0
2026-04-15,B,0.0,1.0,0.0,0.0
2026-04-27,B,0.0,0.0,1.0,0.0
2026-05-08,B,0.0,1.0,0.0,0.0
2026-05-15,B,0.0,0.0,1.0,0.0
2014-01-08,B_prime,0.0,1.0,0.0,0.0
2014-01-21,B_prime,0.0,0.0,1.0,0.0
2014-01-28,B_prime,0.0,1.0,0.0,0.0
2014-02-20,B_prime,0.0,0.0,0.0,1.0
2014-04-02,B_prime,1.0,0.0,0.0,0.0
2014-04-29,B_prime,0.0,0.0,0.0,1.0
2014-05-16,B_prime,0.0,0.0,1.0,0.0
2014-06-17,B_prime,0.0,1.0,0.0,0.0
2014-06-27,B_prime,0.0,0.0,1.0,0.0
2014-07-10,B_prime,0.0,0.0,0.0,1.0
2014-07-17,B_prime,0.0,0.0,1.0,0.0
2014-07-25,B_prime,1.0,0.0,0.0,0.0
2014-08-25,B_prime,0.0,1.0,0.0,0.0
2014-10-24,B_prime,1.0,0.0,0.0,0.0
2014-11-10,B_prime,0.0,0.0,1.0,0.0
2014-11-27,B_prime,1.0,0.0,0.0,0.0
2015-01-20,B_prime,0.0,0.0,0.0,1.0
2015-01-29,B_prime,0.0,1.0,0.0,0.0
2015-03-31,B_prime,1.0,0.0,0.0,0.0
2015-04-08,B_prime,0.0,1.0,0.0,0.0
2015-04-15,B_prime,1.0,0.0,0.0,0.0
2015-05-06,B_prime,0.0,1.0,0.0,0.0
2015-06-24,B_prime,1.0,0.0,0.0,0.0
2015-07-01,B_prime,0.0,0.0,1.0,0.0
2015-07-10,B_prime,0.0,0.0,0.0,1.0
2015-07-17,B_prime,0.0,0.0,1.0,0.0
2015-08-11,B_prime,0.0,1.0,0.0,0.0
2015-08-18,B_prime,0.0,0.0,1.0,0.0
2015-08-25,B_prime,0.0,0.0,0.0,1.0
2015-10-08,B_prime,0.0,0.0,1.0,0.0
2015-10-15,B_prime,0.0,1.0,0.0,0.0
2015-11-20,B_prime,0.0,0.0,1.0,0.0
2015-11-27,B_prime,0.0,1.0,0.0,0.0
2015-12-10,B_prime,0.0,0.0,1.0,0.0
2015-12-23,B_prime,1.0,0.0,0.0,0.0
2015-12-30,B_prime,0.0,0.0,0.0,1.0
2016-03-22,B_prime,1.0,0.0,0.0,0.0
2016-03-29,B_prime,0.0,0.0,1.0,0.0
2016-04-06,B_prime,0.0,1.0,0.0,0.0
2016-04-25,B_prime,0.0,0.0,1.0,0.0
2016-05-03,B_prime,0.0,0.0,0.0,1.0
2016-05-27,B_prime,0.0,0.0,1.0,0.0
2016-06-17,B_prime,0.0,0.0,0.0,1.0
2016-06-24,B_prime,0.0,1.0,0.0,0.0
2016-07-01,B_prime,0.0,0.0,0.0,1.0
2016-07-19,B_prime,1.0,0.0,0.0,0.0
2016-07-26,B_prime,0.0,0.0,1.0,0.0
2016-09-01,B_prime,1.0,0.0,0.0,0.0
2016-09-19,B_prime,0.0,1.0,0.0,0.0
2016-09-26,B_prime,0.0,0.0,1.0,0.0
2016-10-11,B_prime,0.0,1.0,0.0,0.0
2016-10-18,B_prime,0.0,0.0,1.0,0.0
2016-10-28,B_prime,1.0,0.0,0.0,0.0
2016-12-09,B_prime,0.0,0.0,1.0,0.0
2017-01-18,B_prime,0.0,0.0,0.0,1.0
2017-01-26,B_prime,1.0,0.0,0.0,0.0
2017-02-09,B_prime,0.0,0.0,0.0,1.0
2017-02-16,B_prime,0.0,0.0,1.0,0.0
2017-03-23,B_prime,0.0,0.0,0.0,1.0
2017-04-05,B_prime,0.0,0.0,1.0,0.0
2017-04-12,B_prime,0.0,0.0,0.0,1.0
2017-05-02,B_prime,0.0,0.0,1.0,0.0
2017-06-09,B_prime,1.0,0.0,0.0,0.0
2017-08-07,B_prime,0.0,0.0,1.0,0.0
2017-08-14,B_prime,0.0,0.0,0.0,1.0
2017-08-22,B_prime,0.0,1.0,0.0,0.0
2017-09-18,B_prime,1.0,0.0,0.0,0.0
2017-10-09,B_prime,0.0,1.0,0.0,0.0
2017-10-16,B_prime,1.0,0.0,0.0,0.0
2017-10-23,B_prime,0.0,0.0,1.0,0.0
2017-10-30,B_prime,1.0,0.0,0.0,0.0
2017-11-06,B_prime,0.0,0.0,1.0,0.0
2017-11-13,B_prime,1.0,0.0,0.0,0.0
2017-11-20,B_prime,0.0,0.0,1.0,0.0
2017-12-07,B_prime,1.0,0.0,0.0,0.0
2017-12-14,B_prime,0.0,0.0,1.0,0.0
2018-01-03,B_prime,1.0,0.0,0.0,0.0
2018-01-11,B_prime,0.0,0.0,1.0,0.0
2018-01-18,B_prime,0.0,0.0,0.0,1.0
2018-01-25,B_prime,1.0,0.0,0.0,0.0
2018-02-09,B_prime,0.0,0.0,0.0,1.0
2018-02-26,B_prime,0.0,0.0,1.0,0.0
2018-03-05,B_prime,0.0,1.0,0.0,0.0
2018-04-13,B_prime,0.0,0.0,0.0,1.0
2018-05-03,B_prime,0.0,1.0,0.0,0.0
2018-05-10,B_prime,0.0,0.0,1.0,0.0
2018-09-10,B_prime,1.0,0.0,0.0,0.0
2018-09-17,B_prime,0.0,0.0,1.0,0.0
2018-09-25,B_prime,1.0,0.0,0.0,0.0
2018-10-09,B_prime,0.0,0.0,0.0,1.0
2018-11-14,B_prime,0.0,1.0,0.0,0.0
2018-11-27,B_prime,0.0,0.0,0.0,1.0
2018-12-04,B_prime,0.0,1.0,0.0,0.0
2018-12-11,B_prime,0.0,0.0,0.0,1.0
2019-01-28,B_prime,1.0,0.0,0.0,0.0
2019-02-11,B_prime,0.0,0.0,1.0,0.0
2019-02-18,B_prime,1.0,0.0,0.0,0.0
2019-02-25,B_prime,0.0,1.0,0.0,0.0
2019-04-10,B_prime,1.0,0.0,0.0,0.0
2019-04-17,B_prime,0.0,0.0,1.0,0.0
2019-05-15,B_prime,0.0,0.0,0.0,1.0
2019-05-22,B_prime,0.0,0.0,1.0,0.0
2019-05-29,B_prime,0.0,0.0,0.0,1.0
2019-07-02,B_prime,1.0,0.0,0.0,0.0
2019-07-09,B_prime,0.0,0.0,1.0,0.0
2019-07-16,B_prime,1.0,0.0,0.0,0.0
2019-07-23,B_prime,0.0,0.0,0.0,1.0
2019-07-30,B_prime,0.0,0.0,1.0,0.0
2019-08-06,B_prime,0.0,0.0,0.0,1.0
2019-09-09,B_prime,0.0,1.0,0.0,0.0
2019-09-27,B_prime,0.0,0.0,1.0,0.0
2019-10-11,B_prime,0.0,1.0,0.0,0.0
2019-10-18,B_prime,0.0,0.0,1.0,0.0
2019-10-28,B_prime,0.0,0.0,0.0,1.0
2019-11-04,B_prime,0.0,0.0,1.0,0.0
2019-12-17,B_prime,0.0,1.0,0.0,0.0
2019-12-24,B_prime,0.0,0.0,1.0,0.0
2019-12-31,B_prime,0.0,1.0,0.0,0.0
2020-01-13,B_prime,0.0,0.0,1.0,0.0
2020-01-21,B_prime,0.0,1.0,0.0,0.0
2020-02-05,B_prime,0.0,0.0,1.0,0.0
2020-02-24,B_prime,0.0,1.0,0.0,0.0
2020-03-02,B_prime,0.0,0.0,0.0,1.0
2020-03-09,B_prime,0.0,1.0,0.0,0.0
2020-03-16,B_prime,0.0,0.0,0.0,1.0
2020-04-20,B_prime,0.0,0.0,1.0,0.0
2020-04-27,B_prime,0.0,0.0,0.0,1.0
2020-05-07,B_prime,0.0,0.0,1.0,0.0
2020-06-05,B_prime,0.0,1.0,0.0,0.0
2020-07-07,B_prime,1.0,0.0,0.0,0.0
2020-07-14,B_prime,0.0,1.0,0.0,0.0
2020-07-28,B_prime,0.0,0.0,0.0,1.0
2020-08-04,B_prime,0.0,1.0,0.0,0.0
2020-08-11,B_prime,0.0,0.0,0.0,1.0
2020-08-20,B_prime,0.0,0.0,1.0,0.0
2020-10-13,B_prime,0.0,1.0,0.0,0.0
2020-10-20,B_prime,1.0,0.0,0.0,0.0
2020-10-27,B_prime,0.0,1.0,0.0,0.0
2020-11-09,B_prime,1.0,0.0,0.0,0.0
2020-12-17,B_prime,0.0,1.0,0.0,0.0
2021-02-19,B_prime,0.0,0.0,1.0,0.0
2021-03-08,B_prime,1.0,0.0,0.0,0.0
2021-03-15,B_prime,0.0,0.0,1.0,0.0
2021-03-22,B_prime,0.0,0.0,0.0,1.0
2021-03-31,B_prime,0.0,0.0,1.0,0.0
2021-04-21,B_prime,0.0,1.0,0.0,0.0
2021-05-11,B_prime,0.0,0.0,0.0,1.0
2021-05-18,B_prime,0.0,1.0,0.0,0.0
2021-06-09,B_prime,0.0,0.0,0.0,1.0
2021-06-17,B_prime,0.0,1.0,0.0,0.0
2021-06-24,B_prime,0.0,0.0,1.0,0.0
2021-07-22,B_prime,0.0,1.0,0.0,0.0
2021-07-29,B_prime,0.0,0.0,1.0,0.0
2021-08-11,B_prime,0.0,1.0,0.0,0.0
2021-08-18,B_prime,0.0,0.0,1.0,0.0
2021-09-14,B_prime,0.0,0.0,0.0,1.0
2021-09-24,B_prime,1.0,0.0,0.0,0.0
2021-10-18,B_prime,0.0,1.0,0.0,0.0
2021-11-04,B_prime,0.0,0.0,1.0,0.0
2021-12-01,B_prime,0.0,1.0,0.0,0.0
2021-12-08,B_prime,1.0,0.0,0.0,0.0
2021-12-30,B_prime,0.0,0.0,1.0,0.0
2022-01-07,B_prime,0.0,0.0,0.0,1.0
2022-03-30,B_prime,0.0,0.0,1.0,0.0
2022-04-12,B_prime,0.0,0.0,0.0,1.0
2022-04-19,B_prime,0.0,0.0,1.0,0.0
2022-04-26,B_prime,0.0,0.0,0.0,1.0
2022-06-01,B_prime,0.0,1.0,0.0,0.0
2022-07-21,B_prime,0.0,0.0,1.0,0.0
2022-08-25,B_prime,0.0,0.0,0.0,1.0
2022-11-07,B_prime,0.0,1.0,0.0,0.0
2022-11-14,B_prime,0.0,0.0,0.0,1.0
2022-11-22,B_prime,0.0,0.0,1.0,0.0
2022-11-29,B_prime,0.0,0.0,0.0,1.0
2022-12-06,B_prime,1.0,0.0,0.0,0.0
2022-12-21,B_prime,0.0,0.0,0.0,1.0
2022-12-28,B_prime,1.0,0.0,0.0,0.0
2023-01-05,B_prime,0.0,0.0,0.0,1.0
2023-01-18,B_prime,1.0,0.0,0.0,0.0
2023-02-01,B_prime,0.0,1.0,0.0,0.0
2023-02-09,B_prime,0.0,0.0,1.0,0.0
2023-03-13,B_prime,0.0,0.0,0.0,1.0
2023-04-04,B_prime,0.0,0.0,1.0,0.0
2023-04-12,B_prime,0.0,0.0,0.0,1.0
2023-04-19,B_prime,0.0,0.0,1.0,0.0
2023-04-28,B_prime,0.0,0.0,0.0,1.0
2023-05-10,B_prime,0.0,0.0,1.0,0.0
2023-07-25,B_prime,0.0,0.0,0.0,1.0
2023-08-01,B_prime,1.0,0.0,0.0,0.0
2023-08-15,B_prime,0.0,0.0,0.0,1.0
2023-10-09,B_prime,1.0,0.0,0.0,0.0
2023-10-16,B_prime,0.0,0.0,1.0,0.0
2023-10-23,B_prime,0.0,0.0,0.0,1.0
2023-11-07,B_prime,0.0,0.0,1.0,0.0
2023-11-14,B_prime,0.0,0.0,0.0,1.0
2023-11-21,B_prime,0.0,0.0,1.0,0.0
2024-01-08,B_prime,0.0,0.0,0.0,1.0
2024-01-15,B_prime,0.0,0.0,1.0,0.0
2024-02-28,B_prime,1.0,0.0,0.0,0.0
2024-03-08,B_prime,0.0,0.0,0.0,1.0
2024-03-15,B_prime,0.0,1.0,0.0,0.0
2024-03-22,B_prime,0.0,0.0,0.0,1.0
2024-05-10,B_prime,1.0,0.0,0.0,0.0
2024-05-24,B_prime,0.0,0.0,1.0,0.0
2024-07-18,B_prime,0.0,0.0,0.0,1.0
2024-09-10,B_prime,0.0,0.0,1.0,0.0
2024-09-19,B_prime,0.0,0.0,0.0,1.0
2024-09-27,B_prime,0.0,1.0,0.0,0.0
2024-11-12,B_prime,0.0,0.0,1.0,0.0
2024-11-20,B_prime,0.0,1.0,0.0,0.0
2024-11-27,B_prime,0.0,0.0,1.0,0.0
2025-01-13,B_prime,0.0,0.0,0.0,1.0
2025-02-18,B_prime,0.0,1.0,0.0,0.0
2025-02-27,B_prime,0.0,0.0,0.0,1.0
2025-03-12,B_prime,0.0,1.0,0.0,0.0
2025-03-19,B_prime,1.0,0.0,0.0,0.0
2025-03-26,B_prime,0.0,0.0,0.0,1.0
2025-05-13,B_prime,0.0,0.0,1.0,0.0
2025-06-20,B_prime,0.0,0.0,0.0,1.0
2025-06-27,B_prime,0.0,0.0,1.0,0.0
2025-07-04,B_prime,0.0,1.0,0.0,0.0
2025-09-29,B_prime,0.0,0.0,0.0,1.0
2025-10-24,B_prime,0.0,0.0,1.0,0.0
2025-11-17,B_prime,0.0,0.0,0.0,1.0
2025-11-24,B_prime,0.0,0.0,1.0,0.0
2025-12-02,B_prime,0.0,0.0,0.0,1.0
2025-12-31,B_prime,0.0,1.0,0.0,0.0
2026-01-14,B_prime,0.0,0.0,0.0,1.0
2026-03-13,B_prime,0.0,1.0,0.0,0.0
2026-04-28,B_prime,0.0,0.0,1.0,0.0
2026-05-14,B_prime,0.0,1.0,0.0,0.0
2026-05-21,B_prime,0.0,0.0,1.0,0.0
2014-01-08,A3,0.0,1.0,0.0,0.0
2014-02-26,A3,0.0,0.0,0.0,1.0
2014-04-02,A3,1.0,0.0,0.0,0.0
2014-05-06,A3,0.0,0.0,0.0,1.0
2014-05-15,A3,0.0,0.0,1.0,0.0
2014-06-17,A3,0.0,1.0,0.0,0.0
2014-06-26,A3,0.0,0.0,1.0,0.0
2014-07-03,A3,0.0,1.0,0.0,0.0
2014-07-10,A3,0.0,0.0,0.0,1.0
2014-07-17,A3,0.0,0.0,1.0,0.0
2014-07-25,A3,1.0,0.0,0.0,0.0
2014-08-22,A3,0.0,1.0,0.0,0.0
2014-10-23,A3,1.0,0.0,0.0,0.0
2014-10-30,A3,0.0,0.0,0.0,1.0
2014-11-06,A3,0.0,0.0,1.0,0.0
2014-11-26,A3,1.0,0.0,0.0,0.0
2015-01-20,A3,0.0,0.0,0.0,1.0
2015-01-28,A3,0.0,1.0,0.0,0.0
2015-04-13,A3,1.0,0.0,0.0,0.0
2015-05-07,A3,0.0,1.0,0.0,0.0
2015-06-24,A3,1.0,0.0,0.0,0.0
2015-07-01,A3,0.0,0.0,1.0,0.0
2015-07-10,A3,0.0,0.0,0.0,1.0
2015-07-17,A3,0.0,0.0,1.0,0.0
2015-08-24,A3,0.0,0.0,0.0,1.0
2015-09-28,A3,0.0,0.0,1.0,0.0
2015-10-12,A3,0.0,1.0,0.0,0.0
2015-12-10,A3,0.0,0.0,1.0,0.0
2015-12-23,A3,0.0,0.0,0.0,1.0
2015-12-31,A3,0.0,1.0,0.0,0.0
2016-01-08,A3,0.0,0.0,0.0,1.0
2016-03-22,A3,1.0,0.0,0.0,0.0
2016-03-29,A3,0.0,0.0,1.0,0.0
2016-04-06,A3,0.0,1.0,0.0,0.0
2016-04-25,A3,0.0,0.0,1.0,0.0
2016-05-03,A3,0.0,0.0,0.0,1.0
2016-05-31,A3,0.0,0.0,1.0,0.0
2016-06-16,A3,0.0,1.0,0.0,0.0
2016-06-27,A3,0.0,0.0,0.0,1.0
2016-07-19,A3,1.0,0.0,0.0,0.0
2016-07-26,A3,0.0,0.0,1.0,0.0
2016-08-30,A3,1.0,0.0,0.0,0.0
2016-09-12,A3,0.0,1.0,0.0,0.0
2016-09-21,A3,0.0,0.0,1.0,0.0
2016-10-10,A3,0.0,0.0,0.0,1.0
2016-10-17,A3,0.0,0.0,1.0,0.0
2016-10-24,A3,0.0,1.0,0.0,0.0
2016-10-31,A3,1.0,0.0,0.0,0.0
2016-12-09,A3,0.0,0.0,1.0,0.0
2017-01-18,A3,0.0,0.0,0.0,1.0
2017-02-13,A3,0.0,0.0,1.0,0.0
2017-03-27,A3,0.0,1.0,0.0,0.0
2017-04-05,A3,0.0,0.0,1.0,0.0
2017-04-12,A3,0.0,0.0,0.0,1.0
2017-05-03,A3,0.0,0.0,1.0,0.0
2017-06-09,A3,1.0,0.0,0.0,0.0
2017-08-07,A3,0.0,0.0,1.0,0.0
2017-08-14,A3,0.0,0.0,0.0,1.0
2017-08-21,A3,0.0,1.0,0.0,0.0
2017-09-21,A3,1.0,0.0,0.0,0.0
2017-09-28,A3,0.0,1.0,0.0,0.0
2017-10-12,A3,0.0,0.0,1.0,0.0
2017-10-27,A3,1.0,0.0,0.0,0.0
2017-11-03,A3,0.0,0.0,1.0,0.0
2017-11-17,A3,1.0,0.0,0.0,0.0
2017-11-24,A3,0.0,0.0,1.0,0.0
2018-01-03,A3,1.0,0.0,0.0,0.0
2018-01-16,A3,0.0,0.0,0.0,1.0
2018-01-23,A3,1.0,0.0,0.0,0.0
2018-02-12,A3,0.0,0.0,0.0,1.0
2018-02-26,A3,0.0,0.0,1.0,0.0
2018-03-05,A3,0.0,1.0,0.0,0.0
2018-04-13,A3,0.0,0.0,0.0,1.0
2018-05-03,A3,0.0,0.0,1.0,0.0
2018-09-19,A3,0.0,0.0,0.0,1.0
2018-09-27,A3,0.0,0.0,1.0,0.0
2018-10-11,A3,1.0,0.0,0.0,0.0
2018-10-18,A3,0.0,0.0,0.0,1.0
2018-11-14,A3,0.0,1.0,0.0,0.0
2018-12-10,A3,0.0,0.0,0.0,1.0
2019-01-24,A3,0.0,0.0,1.0,0.0
2019-02-12,A3,1.0,0.0,0.0,0.0
2019-02-25,A3,0.0,1.0,0.0,0.0
2019-04-08,A3,0.0,0.0,1.0,0.0
2019-04-17,A3,1.0,0.0,0.0,0.0
2019-04-24,A3,0.0,0.0,1.0,0.0
2019-05-17,A3,0.0,0.0,0.0,1.0
2019-07-02,A3,1.0,0.0,0.0,0.0
2019-07-09,A3,0.0,0.0,1.0,0.0
2019-07-16,A3,1.0,0.0,0.0,0.0
2019-07-23,A3,0.0,0.0,1.0,0.0
2019-08-06,A3,0.0,0.0,0.0,1.0
2019-09-09,A3,0.0,1.0,0.0,0.0
2019-09-27,A3,1.0,0.0,0.0,0.0
2019-10-11,A3,0.0,0.0,1.0,0.0
2019-10-18,A3,1.0,0.0,0.0,0.0
2019-10-25,A3,0.0,0.0,1.0,0.0
2019-12-18,A3,0.0,1.0,0.0,0.0
2019-12-25,A3,0.0,0.0,1.0,0.0
2020-01-02,A3,0.0,1.0,0.0,0.0
2020-01-16,A3,0.0,0.0,1.0,0.0
2020-01-23,A3,0.0,1.0,0.0,0.0
2020-02-07,A3,0.0,0.0,1.0,0.0
2020-02-25,A3,0.0,1.0,0.0,0.0
2020-03-12,A3,0.0,0.0,0.0,1.0
2020-04-29,A3,0.0,0.0,1.0,0.0
2020-06-02,A3,0.0,0.0,0.0,1.0
2020-06-09,A3,0.0,1.0,0.0,0.0
2020-08-05,A3,0.0,0.0,0.0,1.0
2020-08-20,A3,0.0,0.0,1.0,0.0
2020-10-13,A3,0.0,1.0,0.0,0.0
2020-11-09,A3,1.0,0.0,0.0,0.0
2020-12-17,A3,0.0,1.0,0.0,0.0
2021-02-10,A3,0.0,0.0,1.0,0.0
2021-03-01,A3,1.0,0.0,0.0,0.0
2021-03-09,A3,0.0,0.0,1.0,0.0
2021-03-22,A3,0.0,0.0,0.0,1.0
2021-03-30,A3,0.0,0.0,1.0,0.0
2021-04-26,A3,0.0,1.0,0.0,0.0
2021-06-21,A3,0.0,0.0,1.0,0.0
2021-07-22,A3,0.0,1.0,0.0,0.0
2021-07-29,A3,0.0,0.0,1.0,0.0
2021-09-15,A3,0.0,0.0,0.0,1.0
2021-09-24,A3,1.0,0.0,0.0,0.0
2021-10-15,A3,0.0,1.0,0.0,0.0
2021-11-05,A3,0.0,0.0,1.0,0.0
2021-12-01,A3,0.0,1.0,0.0,0.0
2021-12-09,A3,1.0,0.0,0.0,0.0
2021-12-21,A3,0.0,1.0,0.0,0.0
2021-12-28,A3,1.0,0.0,0.0,0.0
2022-01-05,A3,0.0,0.0,1.0,0.0
2022-01-12,A3,0.0,0.0,0.0,1.0
2022-03-29,A3,0.0,0.0,1.0,0.0
2022-04-22,A3,0.0,0.0,0.0,1.0
2022-05-24,A3,0.0,1.0,0.0,0.0
2022-07-21,A3,0.0,0.0,1.0,0.0
2022-08-30,A3,0.0,0.0,0.0,1.0
2022-11-07,A3,0.0,1.0,0.0,0.0
2022-11-14,A3,0.0,0.0,0.0,1.0
2022-12-02,A3,1.0,0.0,0.0,0.0
2023-01-03,A3,0.0,0.0,0.0,1.0
2023-01-17,A3,0.0,1.0,0.0,0.0
2023-02-13,A3,0.0,0.0,1.0,0.0
2023-03-08,A3,0.0,0.0,0.0,1.0
2023-04-11,A3,0.0,0.0,1.0,0.0
2023-04-28,A3,0.0,0.0,0.0,1.0
2023-05-12,A3,0.0,0.0,1.0,0.0
2023-08-04,A3,1.0,0.0,0.0,0.0
2023-08-16,A3,0.0,1.0,0.0,0.0
2023-08-23,A3,0.0,0.0,0.0,1.0
2023-10-12,A3,0.0,0.0,1.0,0.0
2023-10-19,A3,0.0,0.0,0.0,1.0
2023-11-20,A3,0.0,0.0,1.0,0.0
2024-01-17,A3,0.0,0.0,0.0,1.0
2024-01-24,A3,0.0,0.0,1.0,0.0
2024-02-28,A3,1.0,0.0,0.0,0.0
2024-03-12,A3,0.0,1.0,0.0,0.0
2024-03-25,A3,0.0,0.0,0.0,1.0
2024-05-10,A3,1.0,0.0,0.0,0.0
2024-05-23,A3,0.0,1.0,0.0,0.0
2024-05-30,A3,0.0,0.0,1.0,0.0
2024-07-19,A3,0.0,0.0,0.0,1.0
2024-07-26,A3,0.0,0.0,1.0,0.0
2024-08-02,A3,0.0,0.0,0.0,1.0
2024-09-05,A3,0.0,0.0,1.0,0.0
2024-09-12,A3,0.0,0.0,0.0,1.0
2024-09-30,A3,0.0,1.0,0.0,0.0
2024-11-11,A3,0.0,0.0,1.0,0.0
2024-11-18,A3,0.0,1.0,0.0,0.0
2024-11-25,A3,0.0,0.0,1.0,0.0
2025-01-13,A3,0.0,0.0,0.0,1.0
2025-02-24,A3,0.0,1.0,0.0,0.0
2025-03-03,A3,0.0,0.0,0.0,1.0
2025-03-10,A3,0.0,1.0,0.0,0.0
2025-03-17,A3,1.0,0.0,0.0,0.0
2025-03-24,A3,0.0,0.0,0.0,1.0
2025-05-14,A3,0.0,0.0,1.0,0.0
2025-06-19,A3,0.0,0.0,0.0,1.0
2025-06-26,A3,0.0,1.0,0.0,0.0
2025-10-13,A3,0.0,0.0,0.0,1.0
2025-10-29,A3,0.0,0.0,1.0,0.0
2025-11-19,A3,0.0,1.0,0.0,0.0
2025-11-26,A3,0.0,0.0,0.0,1.0
2025-12-31,A3,0.0,1.0,0.0,0.0
2026-01-14,A3,0.0,0.0,0.0,1.0
2026-03-20,A3,0.0,1.0,0.0,0.0
2026-04-13,A3,0.0,0.0,1.0,0.0
2026-04-20,A3,0.0,1.0,0.0,0.0
2026-04-28,A3,0.0,0.0,1.0,0.0
2026-05-13,A3,0.0,1.0,0.0,0.0
2026-05-20,A3,0.0,0.0,1.0,0.0
2014-01-08,A2,0.0,1.0,0.0,0.0
2014-02-27,A2,0.0,0.0,0.0,1.0
2014-04-02,A2,1.0,0.0,0.0,0.0
2014-05-05,A2,0.0,0.0,0.0,1.0
2014-05-15,A2,0.0,0.0,1.0,0.0
2014-06-17,A2,0.0,1.0,0.0,0.0
2014-07-04,A2,0.0,0.0,0.0,1.0
2014-07-16,A2,0.0,0.0,1.0,0.0
2014-07-28,A2,1.0,0.0,0.0,0.0
2014-08-21,A2,0.0,1.0,0.0,0.0
2014-10-28,A2,0.0,0.0,0.0,1.0
2014-11-04,A2,1.0,0.0,0.0,0.0
2014-11-11,A2,0.0,0.0,1.0,0.0
2014-11-25,A2,1.0,0.0,0.0,0.0
2015-01-22,A2,0.0,0.0,0.0,1.0
2015-01-29,A2,0.0,1.0,0.0,0.0
2015-04-17,A2,1.0,0.0,0.0,0.0
2015-05-07,A2,0.0,1.0,0.0,0.0
2015-06-24,A2,1.0,0.0,0.0,0.0
2015-07-01,A2,0.0,0.0,1.0,0.0
2015-08-24,A2,0.0,0.0,0.0,1.0
2015-09-24,A2,0.0,0.0,1.0,0.0
2015-10-08,A2,0.0,1.0,0.0,0.0
2015-12-08,A2,0.0,0.0,1.0,0.0
2015-12-23,A2,0.0,0.0,0.0,1.0
2015-12-30,A2,1.0,0.0,0.0,0.0
2016-01-07,A2,0.0,0.0,0.0,1.0
2016-03-22,A2,0.0,0.0,1.0,0.0
2016-03-29,A2,1.0,0.0,0.0,0.0
2016-04-06,A2,0.0,1.0,0.0,0.0
2016-04-22,A2,0.0,0.0,1.0,0.0
2016-04-29,A2,0.0,0.0,0.0,1.0
2016-05-31,A2,0.0,0.0,1.0,0.0
2016-06-16,A2,0.0,1.0,0.0,0.0
2016-06-27,A2,0.0,0.0,0.0,1.0
2016-07-19,A2,0.0,1.0,0.0,0.0
2016-07-26,A2,0.0,0.0,1.0,0.0
2016-08-26,A2,1.0,0.0,0.0,0.0
2016-09-05,A2,0.0,1.0,0.0,0.0
2016-09-21,A2,0.0,0.0,1.0,0.0
2016-10-26,A2,1.0,0.0,0.0,0.0
2016-12-09,A2,0.0,0.0,1.0,0.0
2017-01-17,A2,0.0,0.0,0.0,1.0
2017-02-10,A2,0.0,0.0,1.0,0.0
2017-03-28,A2,0.0,1.0,0.0,0.0
2017-04-06,A2,0.0,0.0,0.0,1.0
2017-05-03,A2,0.0,0.0,1.0,0.0
2017-06-09,A2,1.0,0.0,0.0,0.0
2017-08-03,A2,0.0,0.0,1.0,0.0
2017-08-11,A2,0.0,0.0,0.0,1.0
2017-08-18,A2,0.0,1.0,0.0,0.0
2017-10-09,A2,0.0,0.0,1.0,0.0
2017-10-30,A2,1.0,0.0,0.0,0.0
2017-11-06,A2,0.0,0.0,1.0,0.0
2017-11-17,A2,1.0,0.0,0.0,0.0
2017-11-28,A2,0.0,0.0,1.0,0.0
2018-01-08,A2,1.0,0.0,0.0,0.0
2018-01-16,A2,0.0,0.0,0.0,1.0
2018-01-23,A2,1.0,0.0,0.0,0.0
2018-02-13,A2,0.0,0.0,0.0,1.0
2018-02-28,A2,0.0,0.0,1.0,0.0
2018-03-07,A2,0.0,1.0,0.0,0.0
2018-04-13,A2,0.0,0.0,0.0,1.0
2018-05-03,A2,0.0,0.0,1.0,0.0
2018-09-19,A2,0.0,0.0,0.0,1.0
2018-11-13,A2,0.0,1.0,0.0,0.0
2018-12-07,A2,0.0,0.0,0.0,1.0
2019-01-23,A2,0.0,0.0,1.0,0.0
2019-02-11,A2,1.0,0.0,0.0,0.0
2019-02-26,A2,0.0,1.0,0.0,0.0
2019-04-01,A2,0.0,0.0,1.0,0.0
2019-04-15,A2,1.0,0.0,0.0,0.0
2019-04-26,A2,0.0,0.0,1.0,0.0
2019-05-20,A2,0.0,0.0,0.0,1.0
2019-07-05,A2,1.0,0.0,0.0,0.0
2019-07-15,A2,0.0,0.0,1.0,0.0
2019-08-06,A2,0.0,0.0,0.0,1.0
2019-09-06,A2,0.0,1.0,0.0,0.0
2019-10-08,A2,0.0,0.0,1.0,0.0
2019-10-15,A2,1.0,0.0,0.0,0.0
2019-10-22,A2,0.0,0.0,1.0,0.0
2019-12-20,A2,0.0,1.0,0.0,0.0
2020-02-04,A2,0.0,0.0,1.0,0.0
2020-02-25,A2,0.0,1.0,0.0,0.0
2020-03-12,A2,0.0,0.0,0.0,1.0
2020-04-28,A2,0.0,1.0,0.0,0.0
2020-05-08,A2,0.0,0.0,1.0,0.0
2020-06-01,A2,0.0,0.0,0.0,1.0
2020-06-11,A2,0.0,0.0,1.0,0.0
2020-06-18,A2,0.0,1.0,0.0,0.0
2020-08-05,A2,0.0,0.0,0.0,1.0
2020-08-19,A2,0.0,0.0,1.0,0.0
2020-10-12,A2,1.0,0.0,0.0,0.0
2020-10-19,A2,0.0,1.0,0.0,0.0
2020-11-09,A2,1.0,0.0,0.0,0.0
2020-12-17,A2,0.0,1.0,0.0,0.0
2021-02-09,A2,0.0,0.0,1.0,0.0
2021-03-04,A2,1.0,0.0,0.0,0.0
2021-03-12,A2,0.0,0.0,1.0,0.0
2021-04-28,A2,0.0,1.0,0.0,0.0
2021-06-21,A2,0.0,0.0,1.0,0.0
2021-07-21,A2,0.0,1.0,0.0,0.0
2021-07-28,A2,0.0,0.0,1.0,0.0
2021-09-24,A2,1.0,0.0,0.0,0.0
2021-10-15,A2,0.0,1.0,0.0,0.0
2021-11-08,A2,0.0,0.0,1.0,0.0
2021-11-30,A2,0.0,1.0,0.0,0.0
2021-12-13,A2,1.0,0.0,0.0,0.0
2021-12-31,A2,0.0,0.0,0.0,1.0
2022-03-29,A2,0.0,0.0,1.0,0.0
2022-04-21,A2,0.0,0.0,0.0,1.0
2022-05-23,A2,0.0,1.0,0.0,0.0
2022-07-21,A2,0.0,0.0,1.0,0.0
2022-09-01,A2,0.0,0.0,0.0,1.0
2022-11-14,A2,0.0,0.0,1.0,0.0
2022-11-21,A2,0.0,0.0,0.0,1.0
2022-12-02,A2,1.0,0.0,0.0,0.0
2023-01-03,A2,0.0,0.0,0.0,1.0
2023-01-18,A2,0.0,1.0,0.0,0.0
2023-02-13,A2,0.0,0.0,1.0,0.0
2023-03-09,A2,0.0,0.0,0.0,1.0
2023-04-06,A2,0.0,0.0,1.0,0.0
2023-04-21,A2,1.0,0.0,0.0,0.0
2023-04-28,A2,0.0,0.0,0.0,1.0
2023-05-16,A2,0.0,0.0,1.0,0.0
2023-08-04,A2,1.0,0.0,0.0,0.0
2023-08-23,A2,0.0,0.0,0.0,1.0
2023-11-17,A2,0.0,1.0,0.0,0.0
2023-11-24,A2,0.0,0.0,1.0,0.0
2024-01-11,A2,0.0,0.0,0.0,1.0
2024-01-23,A2,0.0,0.0,1.0,0.0
2024-03-01,A2,1.0,0.0,0.0,0.0
2024-03-08,A2,0.0,1.0,0.0,0.0
2024-03-27,A2,0.0,0.0,0.0,1.0
2024-05-09,A2,1.0,0.0,0.0,0.0
2024-05-21,A2,0.0,1.0,0.0,0.0
2024-05-28,A2,0.0,0.0,1.0,0.0
2024-07-23,A2,0.0,0.0,0.0,1.0
2024-09-04,A2,0.0,0.0,1.0,0.0
2024-09-11,A2,0.0,0.0,0.0,1.0
2024-09-30,A2,0.0,1.0,0.0,0.0
2024-11-06,A2,0.0,0.0,0.0,1.0
2024-11-13,A2,0.0,0.0,1.0,0.0
2024-11-20,A2,0.0,1.0,0.0,0.0
2024-11-27,A2,0.0,0.0,1.0,0.0
2025-01-14,A2,0.0,0.0,0.0,1.0
2025-02-20,A2,0.0,1.0,0.0,0.0
2025-03-14,A2,1.0,0.0,0.0,0.0
2025-03-21,A2,0.0,0.0,0.0,1.0
2025-05-14,A2,0.0,0.0,1.0,0.0
2025-06-18,A2,0.0,0.0,0.0,1.0
2025-06-26,A2,0.0,1.0,0.0,0.0
2025-10-14,A2,0.0,0.0,0.0,1.0
2025-10-31,A2,0.0,0.0,1.0,0.0
2025-11-25,A2,0.0,0.0,0.0,1.0
2026-01-07,A2,0.0,1.0,0.0,0.0
2026-01-14,A2,0.0,0.0,0.0,1.0
2026-01-21,A2,0.0,1.0,0.0,0.0
2026-01-28,A2,0.0,0.0,0.0,1.0
2026-03-20,A2,0.0,1.0,0.0,0.0
2026-05-18,A2,0.0,0.0,1.0,0.0
2014-01-07,A1,0.0,1.0,0.0,0.0
2014-02-26,A1,0.0,0.0,0.0,1.0
2014-03-11,A1,0.0,0.0,1.0,0.0
2014-03-18,A1,0.0,0.0,0.0,1.0
2014-04-01,A1,1.0,0.0,0.0,0.0
2014-04-30,A1,0.0,0.0,0.0,1.0
2014-05-14,A1,0.0,0.0,1.0,0.0
2014-06-16,A1,0.0,1.0,0.0,0.0
2014-07-02,A1,0.0,0.0,0.0,1.0
2014-07-09,A1,0.0,0.0,1.0,0.0
2014-07-25,A1,1.0,0.0,0.0,0.0
2014-08-20,A1,0.0,1.0,0.0,0.0
2014-10-24,A1,0.0,0.0,0.0,1.0
2014-11-03,A1,0.0,0.0,1.0,0.0
2014-11-25,A1,1.0,0.0,0.0,0.0
2015-01-20,A1,0.0,0.0,0.0,1.0
2015-01-27,A1,0.0,1.0,0.0,0.0
2015-04-16,A1,1.0,0.0,0.0,0.0
2015-05-06,A1,0.0,1.0,0.0,0.0
2015-06-19,A1,1.0,0.0,0.0,0.0
2015-06-29,A1,0.0,0.0,1.0,0.0
2015-07-13,A1,0.0,0.0,0.0,1.0
2015-07-20,A1,0.0,0.0,1.0,0.0
2015-08-24,A1,0.0,0.0,0.0,1.0
2015-09-21,A1,0.0,0.0,1.0,0.0
2015-09-30,A1,0.0,1.0,0.0,0.0
2015-12-04,A1,0.0,0.0,1.0,0.0
2015-12-23,A1,0.0,0.0,0.0,1.0
2015-12-30,A1,1.0,0.0,0.0,0.0
2016-01-07,A1,0.0,0.0,0.0,1.0
2016-03-18,A1,0.0,0.0,1.0,0.0
2016-03-25,A1,1.0,0.0,0.0,0.0
2016-04-01,A1,0.0,1.0,0.0,0.0
2016-04-21,A1,0.0,0.0,1.0,0.0
2016-04-28,A1,0.0,0.0,0.0,1.0
2016-05-27,A1,0.0,0.0,1.0,0.0
2016-06-16,A1,0.0,1.0,0.0,0.0
2016-06-23,A1,0.0,0.0,0.0,1.0
2016-07-18,A1,0.0,1.0,0.0,0.0
2016-07-25,A1,0.0,0.0,1.0,0.0
2016-08-23,A1,1.0,0.0,0.0,0.0
2016-09-01,A1,0.0,1.0,0.0,0.0
2016-09-20,A1,0.0,0.0,1.0,0.0
2016-10-24,A1,1.0,0.0,0.0,0.0
2016-12-09,A1,0.0,0.0,1.0,0.0
2017-01-13,A1,0.0,0.0,0.0,1.0
2017-02-09,A1,0.0,0.0,1.0,0.0
2017-03-27,A1,0.0,1.0,0.0,0.0
2017-04-05,A1,0.0,0.0,0.0,1.0
2017-05-02,A1,0.0,0.0,1.0,0.0
2017-06-08,A1,1.0,0.0,0.0,0.0
2017-08-03,A1,0.0,0.0,1.0,0.0
2017-08-10,A1,0.0,0.0,0.0,1.0
2017-08-17,A1,0.0,1.0,0.0,0.0
2017-09-27,A1,1.0,0.0,0.0,0.0
2017-10-11,A1,0.0,0.0,1.0,0.0
2017-10-27,A1,1.0,0.0,0.0,0.0
2017-11-03,A1,0.0,0.0,1.0,0.0
2017-11-16,A1,1.0,0.0,0.0,0.0
2017-11-28,A1,0.0,0.0,1.0,0.0
2018-01-04,A1,1.0,0.0,0.0,0.0
2018-02-13,A1,0.0,0.0,0.0,1.0
2018-02-28,A1,0.0,0.0,1.0,0.0
2018-03-07,A1,0.0,1.0,0.0,0.0
2018-04-13,A1,0.0,0.0,0.0,1.0
2018-05-02,A1,0.0,0.0,1.0,0.0
2018-09-19,A1,0.0,0.0,0.0,1.0
2018-10-08,A1,1.0,0.0,0.0,0.0
2018-10-15,A1,0.0,0.0,0.0,1.0
2018-11-12,A1,0.0,1.0,0.0,0.0
2018-12-06,A1,0.0,0.0,0.0,1.0
2019-01-22,A1,0.0,0.0,1.0,0.0
2019-01-30,A1,1.0,0.0,0.0,0.0
2019-02-22,A1,0.0,1.0,0.0,0.0
2019-03-29,A1,0.0,0.0,1.0,0.0
2019-04-11,A1,1.0,0.0,0.0,0.0
2019-04-25,A1,0.0,0.0,1.0,0.0
2019-05-15,A1,0.0,0.0,0.0,1.0
2019-07-03,A1,1.0,0.0,0.0,0.0
2019-07-12,A1,0.0,0.0,1.0,0.0
2019-08-06,A1,0.0,0.0,0.0,1.0
2019-09-05,A1,0.0,1.0,0.0,0.0
2019-09-27,A1,0.0,0.0,1.0,0.0
2019-10-14,A1,1.0,0.0,0.0,0.0
2019-10-21,A1,0.0,0.0,1.0,0.0
2019-12-17,A1,0.0,1.0,0.0,0.0
2020-02-04,A1,0.0,0.0,1.0,0.0
2020-02-25,A1,0.0,1.0,0.0,0.0
2020-03-11,A1,0.0,0.0,0.0,1.0
2020-04-23,A1,0.0,1.0,0.0,0.0
2020-04-30,A1,0.0,0.0,1.0,0.0
2020-05-26,A1,0.0,0.0,0.0,1.0
2020-06-09,A1,0.0,0.0,1.0,0.0
2020-06-16,A1,0.0,1.0,0.0,0.0
2020-07-31,A1,0.0,0.0,0.0,1.0
2020-08-17,A1,0.0,0.0,1.0,0.0
2020-10-12,A1,0.0,1.0,0.0,0.0
2020-11-09,A1,1.0,0.0,0.0,0.0
2020-12-15,A1,0.0,1.0,0.0,0.0
2021-02-08,A1,0.0,0.0,1.0,0.0
2021-03-02,A1,1.0,0.0,0.0,0.0
2021-03-11,A1,0.0,0.0,1.0,0.0
2021-04-26,A1,0.0,1.0,0.0,0.0
2021-06-18,A1,0.0,0.0,1.0,0.0
2021-07-21,A1,0.0,1.0,0.0,0.0
2021-07-28,A1,0.0,0.0,1.0,0.0
2021-09-23,A1,1.0,0.0,0.0,0.0
2021-10-15,A1,0.0,1.0,0.0,0.0
2021-11-05,A1,0.0,0.0,1.0,0.0
2021-11-29,A1,0.0,1.0,0.0,0.0
2021-12-09,A1,1.0,0.0,0.0,0.0
2021-12-29,A1,0.0,0.0,0.0,1.0
2022-03-25,A1,0.0,0.0,1.0,0.0
2022-04-19,A1,0.0,0.0,0.0,1.0
2022-05-20,A1,0.0,1.0,0.0,0.0
2022-07-20,A1,0.0,0.0,1.0,0.0
2022-08-31,A1,0.0,0.0,0.0,1.0
2022-11-03,A1,0.0,0.0,1.0,0.0
2022-11-10,A1,0.0,0.0,0.0,1.0
2022-12-02,A1,1.0,0.0,0.0,0.0
2022-12-27,A1,0.0,0.0,0.0,1.0
2023-01-17,A1,0.0,1.0,0.0,0.0
2023-02-09,A1,0.0,0.0,1.0,0.0
2023-03-07,A1,0.0,0.0,0.0,1.0
2023-04-04,A1,0.0,0.0,1.0,0.0
2023-04-20,A1,1.0,0.0,0.0,0.0
2023-04-27,A1,0.0,0.0,0.0,1.0
2023-05-15,A1,0.0,0.0,1.0,0.0
2023-08-03,A1,1.0,0.0,0.0,0.0
2023-08-21,A1,0.0,0.0,0.0,1.0
2023-10-16,A1,0.0,0.0,1.0,0.0
2023-10-23,A1,0.0,0.0,0.0,1.0
2023-11-14,A1,0.0,1.0,0.0,0.0
2023-11-21,A1,0.0,0.0,1.0,0.0
2024-01-08,A1,0.0,0.0,0.0,1.0
2024-01-22,A1,0.0,0.0,1.0,0.0
2024-02-28,A1,1.0,0.0,0.0,0.0
2024-03-06,A1,0.0,1.0,0.0,0.0
2024-03-26,A1,0.0,0.0,0.0,1.0
2024-05-07,A1,1.0,0.0,0.0,0.0
2024-05-16,A1,0.0,1.0,0.0,0.0
2024-05-23,A1,0.0,0.0,1.0,0.0
2024-07-22,A1,0.0,0.0,0.0,1.0
2024-09-04,A1,0.0,0.0,1.0,0.0
2024-09-11,A1,0.0,0.0,0.0,1.0
2024-09-30,A1,0.0,1.0,0.0,0.0
2024-11-05,A1,0.0,0.0,0.0,1.0
2024-11-12,A1,0.0,0.0,1.0,0.0
2024-11-19,A1,0.0,1.0,0.0,0.0
2024-11-26,A1,0.0,0.0,1.0,0.0
2025-01-13,A1,0.0,0.0,0.0,1.0
2025-02-20,A1,0.0,1.0,0.0,0.0
2025-03-13,A1,1.0,0.0,0.0,0.0
2025-03-20,A1,0.0,0.0,0.0,1.0
2025-05-13,A1,0.0,0.0,1.0,0.0
2025-06-17,A1,0.0,0.0,0.0,1.0
2025-06-26,A1,0.0,1.0,0.0,0.0
2025-10-14,A1,0.0,0.0,0.0,1.0
2025-10-30,A1,0.0,0.0,1.0,0.0
2025-11-20,A1,0.0,1.0,0.0,0.0
2025-11-27,A1,0.0,0.0,0.0,1.0
2026-01-06,A1,0.0,1.0,0.0,0.0
2026-01-21,A1,0.0,0.0,0.0,1.0
2026-03-19,A1,0.0,1.0,0.0,0.0
2026-04-10,A1,0.0,0.0,1.0,0.0
2026-04-20,A1,0.0,1.0,0.0,0.0
2026-05-06,A1,0.0,0.0,1.0,0.0
